Law & Prop.Rights;Sound Money;Export trade freedom;Regulations;polity;Population total;Use of IMF credit (current USD) per capita;GDP per capita in USD;Gross tertiary education enrollment percent;Fuel exports (% of merchandise exports)
6.55;1.85;8.78;4.53;10;3629102;-0.000184;2168.796099;26.28147;11.390045
4.64;9.56;8.2;7.02;9;26937737;10.202082;2191.37156;31.5336;9.588444
6.09;7.69;5.22;5.33;3;68522074;5.273147;2240.807121;19.87151;79.13319
5.86;8.15;4.87;4.52;9;7976449;0;2241.788882;33.7044;63.065373
5;7.64;6.97;7.1;9;3558566;217.123414;2243.979662;41.277168;0.1932
7.33;7.05;5.86;5.31;-3;9552500;8.04491;2247.912995;18.832661;12.088516
6.6;9.16;9.92;7.25;0;4461600;-0.000149;2252.111881;8.88586;0.000108
4.51;9.42;8.55;7.31;7;5811836;5.601156;2259.888269;20.65926;2.645205
4.66;7.71;6.86;6.34;8;238465165;13.01957;2262.720786;23.740351;28.420484
6.95;7.13;5.96;6.11;-3;9650600;4.459205;2286.50046;21.20027;9.23873
5.11;5.35;6.18;6.52;7;46787750;59.848379;2303.018831;72.767097;6.409218
3.21;8.24;7.26;5.97;8;5966160;3.627962;2312.192538;28.672359;0.000975
5.73;8.27;8.64;8.15;6;4388400;109.156412;2318.127263;36.83939;3.948584
6.79;9.21;7.94;7.81;-2;5411000;48.122528;2326.495159;39.696419;0.182418
6.68;2.98;9.02;4.33;8;2485056;-0.000268;2327.930268;23.1197;1.755611
4.24;7.51;7.14;7.28;6;745638;109.335898;2334.021042;11.3032;0.00116
5.43;8.66;6.3;5.69;-3;80442443;17.509339;2349.286865;32.360409;28.918841
6.03;7.14;6.7;6.57;9;64817254;1.940687;2349.384526;40.887619;2.495247
2.78;7.12;8.51;5.24;9;13360988;-0.00005;2351.110874;15.5147;94.640486
3.08;7.39;6.4;6.46;7;41572493;3.736942;2355.725753;24.874229;36.266402
4.38;9.57;8.36;6.72;7;5844738;5.372183;2363.271031;19.75449;2.870325
5.7;4.74;6.41;4.93;9;19861959;-0.000034;2367.717524;27.78684;80.092952
4.64;9.28;6.74;7.23;8;94501233;13.6136;2371.853537;30.94589;2.684047
4.15;5.94;7.11;6.66;8;8967759;19.742502;2372.629772;33.329151;2.613543
6.54;7.18;6.12;6.8;-4;9748900;4.775308;2373.836478;22.72727;9.36494
4.95;4.08;6.64;6.17;6;145306046;-0.000005;2375.059044;66.617477;52.473311
5.46;8.41;6.88;6.94;10;3095994;3.647617;2391.302218;26.39949;1.015771
3.5;4.5;1.69;2.93;-2;25912364;25.85372;2394.420608;10.2256;96.473992
3.62;9.39;7.5;6.75;7;7736131;27.029661;2395.073442;20.397989;4.090663
3.44;7.57;6.94;5.44;7;40988909;3.503582;2395.856522;24.789471;36.334072
4.58;9.66;6.54;6.32;7;3026939;55.865348;2416.588235;20.00498;2.627712
6.52;9;7.25;8;4;18211097;-0.000037;2417.436902;7.18985;18.301924
4.22;4.73;5.06;6.01;-4;3950786;42.41637;2428.260233;6.51998;70.659309
3.76;8.15;6.73;6.63;9;2033974;39.724697;2431.836776;27.44383;5.412386
3.52;9.68;8.42;6.95;-6;2219276;140.243935;2434.127166;24.15864;7.241183
4.25;9.55;8.19;6.29;7;5874301;5.782475;2435.472748;20.29027;2.162669
5.55;9.24;8.53;7.17;6;4410900;229.440024;2440.961318;25.21715;4.960465
4.65;9.61;7.96;7.16;9;27273188;9.008004;2445.446488;33.296501;6.724339
6.43;2.31;6.5;5.7;-7;11234340;-0.000059;2454.288156;11.82676;1.296096
2.85;5.32;6.89;5.52;7;37441980;0;2470.683383;16.31238;27.70819
3.53;6.31;7.04;6.1;7;40403959;3.684911;2472.197776;23.91613;43.110013
4.42;9.26;8.3;6.65;8;13797629;3.169965;2472.389127;17.87513;5.073291
5.81;7.59;5.94;6.26;-7;8484550;43.0519;2473.085776;19.789459;84.591342
7.59;6.13;6.73;7.58;6;1980531;-0.000336;2489.893946;6.16231;1.013317
6.28;6.2;4.51;6.8;10;1058775;20.842955;2506.184933;3.04117;1.37355
6.1;6.84;6.25;5.9;-6;31011322;4.36647;2510.976204;11.76666;2.267671
4.16;6.41;5.43;5.65;-5;40805744;-0.000016;2542.04198;31.58513;3.067799
4.79;5.32;6.69;6.14;7;46053300;282.859882;2545.480341;78.014679;5.226036
4.74;9.59;8.23;6.45;7;5900929;6.291721;2549.886636;20.70612;2.005017
4.27;7.75;7.12;7.33;6;748096;106.218988;2569.99507;10.77931;0.001002
3.53;7.01;7.05;5.79;8;37889443;-0.000018;2579.201638;62.229858;17.08865
3.51;8.7;7.22;6.23;8;6127847;24.353415;2599.592016;36.587799;0.008562
3.81;6.99;5.82;4.94;2;32817225;25.678405;2600.00652;18.180559;97.378686
4.84;6.92;6.69;7.27;8;96017322;13.413049;2604.655997;31.476299;2.392325
5.71;8.8;8.48;7.81;6;4452800;285.697988;2613.756925;28.263229;5.711253
5.9;7.06;6.81;6.83;9;65404522;2.010029;2643.478935;41.873932;3.213232
6.09;7.9;5.7;5.31;-6;69321953;5.319051;2649.913586;21.72612;78.546587
4.63;9.66;7.99;6.75;7;5925089;6.548762;2666.339695;21.12693;1.860761
5.24;8.81;6.32;5.61;-3;82040994;16.865264;2668.035988;33.46806;29.831094
6.31;8.08;6.69;5.75;-7;1317885000;0.283942;2673.294191;19.9669;1.686112
5.3;8.96;7.33;7.2;9;7823557;267.814627;2693.75876;41.519508;5.794928
4.53;7.94;7.03;7.51;6;750749;259.237109;2698.058991;10.36444;0.000276
6.08;5.61;6.93;4.81;10;10023613;-0.000066;2705.459217;13.84688;4.145189
4.8;9.64;6.33;6.1;9;3011487;52.546466;2709.142931;24.523251;8.66273
4.56;9.68;8.06;6.93;9;27610406;6.804282;2714.480116;33.325619;11.36553
6.84;8.94;7.84;7.98;-2;5536000;33.180816;2719.822427;39.796661;1.028433
4.2;2.5;4.62;4.09;-9;28105889;-0.000024;2738.284626;21.83735;3.464287
3.95;7.7;6.12;6.67;7;42724157;4.153716;2740.249866;27.45562;38.220067
5.25;6.55;6.91;6.68;3;20653000;92.956859;2746.612135;16.042459;0.158885
5.52;6.62;7.19;6.44;8;21574326;32.826518;2774.955806;38.033459;6.473946
4.91;6.93;7.57;7.59;8;97571676;13.225826;2786.950468;33.84203;3.877939
3.73;8.25;6.31;6.95;9;2038444;37.066017;2787.773056;28.02368;4.68365
4.48;3.87;4.71;5.28;9;53994605;0;2790.580487;13.16994;2.267061
6.29;7.7;1.3;4.97;-3;69330974;0;2803.318841;12.72666;66.827671
4.55;9.07;6.24;5.28;-2;83787634;16.462644;2816.666943;28.753201;30.913924
6.22;6.69;5.61;8.04;5;816626;12.66063;2835.980917;15.76992;0.000466
5.41;9.46;6.09;6.65;9;59266089;0;2856.246392;20.1433;0.716712
5.97;7.07;6.79;6.15;-6;32107739;26.928305;2857.673414;14.3189;1.072778
4.4;9.63;7.64;7.12;7;5947206;6.0045;2874.257256;21.16942;1.867771
6.28;6.76;6.43;6.99;9;65863973;1.836983;2874.386274;44.177391;4.122673
5.99;7.02;6.54;6.09;-6;31714958;27.751448;2883.850677;13.45325;2.332497
6.18;9.5;9.11;7.25;9;2738125;40.371057;2887.413832;27.83656;3.174077
4.85;3.21;7.75;6.27;8;58522320;11.696888;2896.090604;20.09968;1.299003
6.05;6.72;6.47;5.94;-6;31350544;4.209943;2905.95268;12.85362;2.154155
4.56;2.5;1.69;3.95;8;30388781;-0.000022;2909.516802;35.71831;7.307024
5.55;9.44;7.64;6.78;5;2966108;244.309041;2915.583906;49.119549;0.095419
5.58;9.08;8.7;7.63;6;4383800;155.551576;2918.710815;34.00198;3.1633
4.79;5.6;6.56;6.12;6;45870700;354.51517;2973.996481;76.655487;6.925322
5.71;4.29;6.73;6.3;6;144648257;-0.000005;2975.132778;70.5467;54.494452
6.38;5.7;7.49;6.55;10;3189550;-0.000209;2976.740572;14.19815;1.324633
6.28;3.76;8.65;6.63;10;3109987;-0.000214;2989.993095;29.90138;0.027815
4.44;7.96;7.01;7.57;6;753362;251.88422;2998.941274;11.49131;0
4.91;9.57;6.74;6.55;9;2992547;54.287869;3005.012903;28.78627;13.687093
6.95;9.19;7.87;8;-3;5661000;20.18124;3022.541906;41.168098;0.82882
6.61;9;8.06;7.36;8;1786672;3.316781;3044.127353;6.51705;0.017433
7.44;2.3;9.27;6.93;6;1436634;-0.000464;3044.379109;25.40146;5.769159
4.14;3.59;7.3;4.69;7;64182694;222.144181;3053.865108;25.260731;1.418792
3.38;8.58;7.34;5.98;8;6047131;3.488762;3059.985099;34.014381;0.000231
4.27;7.59;7.36;7.24;9;2042894;36.293121;3063.595426;29.63007;8.018999
6.03;7.17;6.94;6.11;-4;32531964;26.494988;3066.503158;16.158569;2.612909
4.04;9.22;6.15;5.1;-88;85660902;16.119945;3068.193883;30.056021;31.540471
5.24;5.16;6.3;6.09;7;46509350;53.763405;3068.608998;75.443962;5.123396
6.76;3.59;7.63;5.33;0;85609404;76.525121;3068.702424;14.80277;37.584093
5.71;8.98;7.53;7.19;5;2988117;99.376631;3080.970959;44.322128;1.202724
5.32;7.51;5.98;5.06;2;33267887;5.526681;3102.037384;19.762581;98.027864
4.23;8.92;6.45;5.16;-4;87613909;15.792196;3104.219707;32.927021;26.928337
4.4;9.37;7.78;7.29;7;5967556;6.298558;3108.592529;21.166611;2.272762
7.05;9.15;7.93;7.23;8;1762531;3.10803;3114.616594;6.0309;0.065172
5.56;9.18;7.61;7.22;5;2963496;295.687931;3124.784018;50.62447;3.122872
4.48;8.99;6.77;6.29;8;241613126;12.623217;3125.219934;24.88563;29.72691
5.34;6.46;6.93;6.68;3;20869000;111.420576;3128.694823;15.0175;0.444798
6.11;8.06;5.62;5.73;-6;70122115;5.014795;3135.187408;22.86676;82.611054
4.93;9.44;8.14;6.84;9;27949958;5.635107;3143.550031;34.560181;9.624414
5.4;6.91;6.43;3.58;8;9046541;-0.000074;3153.235306;17.10824;11.038957
2.78;4.74;5.19;5.96;-4;4286188;35.553737;3191.164299;10.36444;78.897828
2.78;4.97;5.33;6.22;-4;4394334;33.646509;3205.457783;9.63021;75.709781
5.68;9.03;8.5;8.12;6;4483350;269.823235;3219.605871;30.08354;4.433888
5.07;5.73;6.21;6.02;-88;35530725;-0.000019;3221.586396;17.0486;3.286735
3.63;8.65;7.2;6.35;8;6209877;23.607714;3225.591754;34.513672;30.551363
2.83;4.86;4.51;4.71;6;25857553;-0.000026;3233.956106;39.629452;82.365864
6.48;7.09;7.95;6.01;10;3499536;-0.00019;3297.354701;50.625011;20.871252
8.03;9.62;6.51;5.39;10;12507000;-0.000053;3297.783659;15.76842;5.584824
5.25;8.34;4.56;5.39;9;17508059;-0.000038;3309.089959;21.49579;79.967111
3.52;7.01;5.87;5.64;0;336452;-0.001979;3322.308159;4.75981;0.363986
4.01;6;6.91;6.11;8;38309475;-0.000017;3330.409821;64.860046;17.122777
6.22;6.48;5.91;8.38;6;818355;13.204538;3332.91446;15.95203;0.008389
7.81;9.09;7.63;7.51;8;1736579;3.270223;3333.17955;5.59222;0.081775
6.26;6.61;6.65;7.1;-5;66174486;1.924458;3351.117633;44.15963;4.678798
4.47;8.3;7.19;7.57;9;2047330;33.347824;3351.30259;28.986309;9.384524
6.67;8.55;7.88;6.61;8;2367550;-0.000281;3351.469058;56.636581;2.471981
5.21;8.7;7.28;7.13;9;7781161;273.997287;3353.564149;41.937889;7.977801
4.19;9.35;7.88;7.58;7;5986414;6.595434;3358.421252;21.961611;2.864948
5.15;6.49;6.89;6.72;3;20328000;153.388381;3366.51036;16.967461;0.367607
8;5.61;6.73;4.1;9;9766312;-0.000068;3368.69837;11.37819;5.515367
4.42;7.81;6.48;6.54;7;43285636;3.773169;3386.025478;29.9112;40.439892
4.43;7.8;7.01;7.63;6;755883;240.853412;3408.725419;12.17107;0.000875
5.82;9.15;7.39;7.46;5;2967984;324.3097;3417.171836;51.001419;8.432721
4.01;9.28;7.61;7.12;8;6021368;42.64795;3431.280068;22.958719;2.805242
4.4;9.48;8.06;6.77;8;15690793;19.718761;3432.022106;18.736481;4.627366
6.45;8.13;6.55;5.63;-7;1324655000;0.275344;3441.221355;20.187269;2.205497
5.58;8.72;7.85;7.21;9;2589389;43.74391;3448.448874;15.38353;0.292578
2.6;4.59;5.06;5.89;-4;4177435;37.04522;3453.221229;9.06463;77.666166
5.3;7.58;6.11;5.83;2;33749328;5.734218;3467.54474;20.214849;97.908908
5.61;4.18;8.02;6;-7;2915775;-0.000228;3485.529616;15.53155;0.003224
5.6;9;7.95;5.96;9;2605556;34.958374;3487.900025;17.939159;1.206737
5.77;9.17;8.44;8.14;6;4490700;214.946222;3528.731511;27.933519;3.133755
5.06;7.84;8.45;5.7;10;3470818;-0.000192;3530.147337;56.602039;23.152494
3.84;9.25;7.45;7.06;8;6038306;41.777942;3547.070983;23.406931;2.989511
5.26;6.54;7.16;6.8;9;21451748;26.156796;3552.92452;41.585079;6.727536
5.78;9.34;7.34;7.64;5;2978339;305.983973;3565.517575;46.043591;7.925194
4.3;9.27;7.91;7.58;7;6004199;6.409514;3569.335393;22.57753;3.466224
5.14;6.04;6.55;6.4;6;45706100;354.692175;3569.757027;79.249413;8.11237
4.8;4.06;7.04;4.98;7;65125766;341.477504;3570.546263;26.19813;1.921178
6.16;5.37;2.22;3.86;9;3455000;-0.000193;3570.763172;23.31977;0.009638
5.7;9.33;8.31;6.27;8;2337170;-0.000285;3571.547005;63.30484;1.381086
4.78;8.98;7.32;7.57;9;2624695;26.378303;3581.160016;21.636089;2.368413
6.59;6.48;6.29;7.69;6;2027026;-0.000329;3582.25982;6.87286;0.426442
6.19;8.92;8.45;7.91;7;4487200;129.363077;3596.90832;33.050941;3.27496
8.05;9.51;7.47;7.12;10;1122457;0;3599.551751;5.62172;0.007437
5.07;9.42;6.78;6.44;9;2970017;55.043119;3603.013685;31.793381;7.453003
6.84;6.03;6.82;4.22;9;38594998;-0.000017;3612.159514;31.12521;8.017977
5.57;7.98;7.86;6.21;10;3325637;-0.0002;3622.052284;41.137402;1.615582
4.89;6.96;6.25;6.81;3;20483000;130.098814;3628.268052;18.762899;0.322951
5.3;5.5;7.72;6.33;4;94426946;167.624239;3640.833419;13.80781;10.270291
4.98;8.24;5.94;5.85;-6;70923164;5.196765;3646.844407;25.22786;82.79351
4.59;9.08;6.78;6.31;8;244808254;12.419957;3647.626622;27.20455;34.141076
1.99;5.82;4.32;5.27;6;25399143;-0.000026;3657.193748;38.048592;80.299471
6.34;6.56;6.6;9.07;6;821820;12.10119;3658.617477;16.148781;0.055657
7.02;8.06;5.72;7;0;269132;98.799102;3679.792815;16.012541;0
4.66;8.91;6.8;6.38;8;248037853;12.271417;3700.523538;31.51226;33.590891
4.74;8.97;7.64;6.89;9;2615253;30.160753;3706.777706;19.09413;2.656227
4.49;7.85;6.75;6.55;7;43835744;3.921663;3709.076914;31.867161;39.771023
5.61;9.18;8.08;7.56;5;2992192;240.730541;3716.828923;46.10862;6.07273
4.68;7.95;7.02;7.33;6;758410;225.288432;3759.377095;12.91051;0.000083
6.05;6.85;6.58;6.89;10;495159;40.314323;3766.111654;20.6206;0.000588
5.71;6.85;6.12;7.57;-6;15147029;32.427085;3771.278957;52.922359;70.617587
6.67;9.58;7.47;6.31;10;1196287;16.539509;3792.187576;17.10541;0.005127
6.98;8.35;7.95;8.02;-3;5786000;9.257172;3797.413633;44.300461;0.150815
6.41;8.05;6.56;6.04;-7;1331260000;8.231024;3800.474542;21.823721;1.698108
3.88;9.13;7.33;6.97;8;6055208;41.532512;3821.33859;24.51857;3.236604
4.67;9.67;8.55;6.53;9;3086887;28.18179;3825.050933;40.596142;7.085788
5.79;8.17;5.67;8.88;0;276085;100.657406;3831.60983;15.48362;0
5.69;9.58;7.83;6.86;9;3028751;41.038038;3836.730058;41.12896;6.765754
6.38;6.71;6.31;6.72;-7;8581300;40.281892;3851.437869;19.364599;81.398966
4.98;8.89;7.22;7.33;9;7739900;198.089123;3852.977756;44.272442;10.368707
5.01;8.69;7.62;7.74;9;2634145;24.287577;3853.61404;22.099119;2.432976
4.98;6.42;6.7;6.73;6;45593300;280.632549;3855.42128;79.701653;5.049094
6.94;9.58;7.45;6.74;10;1186873;17.283231;3861.038542;11.02747;0.008231
4.81;7.01;6.1;5.71;2;35401790;53.058984;3875.822095;28.59671;97.701545
6.15;6.74;6.79;6.84;3;23920963;7.305141;3878.771409;25.047001;9.725372
6.42;6.36;6.03;7.76;6;2053915;-0.000324;3884.646834;6.55898;0.465438
5.09;4.61;6.58;6.18;7;46258200;145.399886;3891.037823;77.348824;5.966649
4.18;9.72;8.31;6.75;9;3144728;27.23129;3902.531475;40.166328;6.208511
5.6;8.88;7.65;7.2;5;2975029;90.85424;3919.975474;46.580582;0.260616
4.02;9.31;7.17;7;8;6072233;41.46053;3921.720395;25.45447;3.223819
5.84;8.27;6.6;8.77;0;283279;90.285549;3933.234373;16.039721;0.000097
4.81;7.49;6.07;5.68;2;34261971;5.933196;3939.559939;22.28536;97.788882
6.54;9.49;6.83;6.21;10;1204621;17.768244;3957.512905;15.84492;0.043102
6.13;7.04;6.82;7.05;-1;66353572;2.016033;3962.750499;48.111591;4.26831
4.37;5.75;5.39;6.48;-4;1260435;73.517476;3981.858786;8.20971;82.950393
4.4;9.52;7.45;6.5;8;6089644;41.424917;3998.739499;25.924141;2.363326
5.62;8.15;7;7.19;3;23420751;7.73532;4004.557191;25.74227;9.623073
7.07;6.12;6.37;7.89;6;2115703;-0.000315;4011.301169;9.3296;0.479356
6.69;9.23;7.87;7.98;-3;5915000;44.971936;4026.76635;45.119511;0.577642
4.79;6.47;6.81;6.16;6;45489600;158.057666;4029.715504;78.99662;4.200171
4.76;9.75;8.44;6.86;9;3202511;26.133556;4038.456074;44.002331;0.681609
5.06;7.92;7.4;7.72;9;2051427;6.454044;4063.74594;34.78804;4.922223
6.73;8.67;9.04;7.17;9;1396985;-0.000477;4070.031904;56.351101;4.472457
5.48;8.67;7.92;6.14;10;3327770;-0.0002;4088.772541;39.264339;0.840413
5.36;9.73;7.25;6.38;9;2913021;44.411283;4094.358832;43.561531;17.973227
3.87;5.68;7.33;4.81;10;55441001;-0.000012;4094.938155;24.75772;5.829725
5.39;6.01;6.38;6.41;6;144067054;-0.000005;4102.372294;70.510437;54.687917
5.65;9.63;7.24;6.35;9;2927519;49.293958;4114.136545;33.106201;11.602414
5.6;8.42;7.77;7.03;10;3324096;-0.0002;4117.308853;42.390808;4.444773
6.55;9.36;8.14;7.08;8;2310173;-0.000288;4128.638136;67.720779;1.47575
6.18;6.73;6.85;7.21;3;24401977;7.746872;4132.667741;27.40855;8.577719
5.69;9.38;8.24;6.76;10;3443067;-0.000193;4146.987928;61.272751;18.624999
6.5;8.86;7.74;7.42;8;1810438;3.577587;4149.041377;9.61199;0.041124
5.07;5.9;7.1;6.35;10;3083100;-0.000216;4171.741825;24.42164;1.295009
5.76;8.04;6.38;8.89;0;290751;92.587816;4187.23289;17.01107;16.547863
5.62;6.79;7.06;6.75;-88;10777500;38.899095;4187.543531;35.19931;16.787997
5.64;7.08;6.86;7.01;4;66548197;22.856773;4231.140368;48.64748;5.248805
4.84;8.64;7.73;7.68;9;2643601;21.95755;4238.315843;20.19018;7.443551
4.56;9.71;7.03;6.23;9;2900489;36.902743;4247.485437;55.500961;26.590781
5.5;7.07;6.5;9.24;0;313925;112.832683;4258.842876;22.865761;27.972454
3.09;5.14;5.81;5.2;6;26314483;-0.000025;4273.365372;41.537029;83.679429
3.95;6.1;7.14;6.08;5;14447600;3.510618;4274.940821;38.923611;61.715412
6.63;9.11;7.45;7.44;3;20725374;-0.000032;4280.016572;11.14905;6.996171
5.79;6.8;6.99;6.97;-88;10673800;39.234762;4298.091697;35.222889;14.555632
8.35;5.08;6.94;6.92;10;56225800;-0.000012;4299.745618;18.20717;4.118184
5.57;6.86;6.94;6.58;-88;10886500;52.562991;4309.991625;33.686508;15.216031
5.81;8.15;6.53;9.16;0;298403;94.761112;4324.831017;18.21641;28.208035
4.36;7.23;6.36;8.09;0;321609;108.19349;4344.136669;22.5795;36.152457
4.8;9.67;8.3;6.74;9;3260611;23.650169;4348.663487;43.078541;0.545751
5.41;9.4;6.85;6.58;9;2947314;51.581542;4370.539647;32.321308;21.814272
6.47;9.12;7.89;8.05;-3;6046000;42.574926;4370.721045;40.432671;1.100257
6.22;7.4;8.67;5.04;9;15343917;-0.000043;4375.357535;20.21756;94.013295
5.86;6.98;6.74;7.07;4;66453255;1.962086;4384.782675;47.732262;6.411846
5.71;8.03;7.38;7.3;10;2859174;48.968338;4387.707056;62.26881;41.673407
4.67;9.72;7.45;6.24;9;2897366;33.394124;4411.258241;58.529888;31.003052
6.26;7.02;6.79;7.34;3;24869423;8.308235;4431.239455;30.52997;10.115784
4.97;9.78;7.12;6.3;9;2904780;40.361404;4437.811999;47.742722;21.191947
6.26;8.89;7.7;6.22;10;4187039;8.800252;4441.41216;25.63912;0.075156
5.24;8.76;7.62;7.42;9;7699020;163.650439;4455.690224;45.819889;13.27591
5.71;8.18;6.6;9.21;0;306165;90.023353;4470.220796;19.282141;40.262314
7.6;6.24;7.55;5.76;10;10328965;-0.000064;4472.762698;22.18434;3.047428
4.44;7.17;5.75;5.33;2;36036159;51.205263;4473.486446;28.758249;97.345998
4.7;8.86;7.83;7.59;9;2653042;23.029413;4487.499707;20.13022;13.732128
3.99;6.84;5.52;5.61;10;703693;-0.000946;4488.287003;3.96423;8.107198
4.88;8.22;7.24;6.97;9;2681386;152.971635;4489.272772;25.218121;17.244394
6.5;7.49;7.35;6.2;9;38258629;-0.000017;4492.727604;50.285992;5.085214
6.53;9.2;9.15;7.1;9;1388115;-0.00048;4498.958704;60.377869;3.9063
6.25;7.89;6.68;6.01;-7;1337705000;8.046841;4514.94052;23.321529;1.688609
4.35;7.13;6.39;8.08;0;329193;105.375874;4517.123997;22.86338;42.851291
5.23;7.97;7.45;8.06;9;2062443;48.997233;4561.177546;37.074791;7.682248
5.28;7.96;7.48;7.93;9;2058920;49.962602;4566.341332;38.982861;1.117851
6.16;9.23;8.7;7.09;9;15544554;-0.000043;4566.523326;40.365898;1.210234
6.16;7.52;6.82;7.49;10;111940000;-0.000006;4581.574389;24.60175;0.394105
5.91;4.88;7.17;5.19;7;66060121;367.219839;4586.811203;29.835091;2.080427
7.01;7.16;7.68;7.19;10;10210971;-0.000065;4619.528633;35.931881;1.606094
5.75;9.53;6.74;7.02;10;1213370;19.281011;4623.351784;16.556;0.051634
5.24;9.55;8.1;6.77;9;3319301;18.510825;4659.023089;41.855068;0.736287
6.47;9.1;7.9;7.98;-3;6181000;41.51626;4665.954276;39.938931;0.190491
4.53;7.85;7;6.63;7;44374647;4.069373;4674.21171;32.963539;37.241412
4.58;7;6.44;8.08;0;336707;95.088608;4674.293377;25.78797;27.368778
5.47;8.3;7.79;6.68;9;21319685;17.330228;4676.315183;44.903782;10.642142
6.42;6.61;7.62;5.85;10;38418817;-0.000017;4693.075589;26.64852;8.836189
4.43;6.19;6.65;6.21;8;38728778;-0.000017;4696.070111;65.358368;15.993553
5.35;8.18;7.68;8.13;9;2069270;195.054778;4709.511628;38.45752;6.43898
4.58;7.04;6.41;8.09;0;344193;82.694883;4719.137955;25.91641;21.239146
3.75;5.56;7.91;6.05;7;24481477;-0.000027;4785.153059;28.25935;86.140397
6.6;3.35;5.79;4.49;-5;4669000;-0.000143;4794.937213;25.78603;8.559297
6.5;6.69;6.81;4.68;7;5361999;-0.000124;4799.151051;18.60165;4.266768
5.61;6.96;5.34;3.87;8;9934300;-0.000067;4813.71118;22.7592;12.044876
6.51;9.17;7.46;7.8;8;1835750;3.687866;4879.459462;9.24167;0.035229
6.54;9.22;7.9;7.72;-3;6318000;101.639285;4896.688447;46.60965;0.288078
4.88;7.98;7.2;7.32;9;2690824;441.574774;4902.034731;28.934891;22.688775
7.58;7.88;6.1;6.16;8;4426000;-0.00015;4919.628069;30.99629;10.975042
6.68;6.74;6.83;7.37;3;25332026;8.524506;4924.585852;29.96664;11.5766
4.33;5.57;5.4;6.48;-4;1318093;60.32503;4929.322637;8.5306;17.594056
6.63;9.43;8.84;7.4;9;15729268;-0.000042;4948.74818;42.71669;2.763039
5.94;6.58;6.42;7.1;-7;8947243;33.81578;4950.294791;19.057711;92.856863
5.78;7.82;7.06;5.84;9;38248076;-0.000017;4981.198619;55.448631;5.650863
6.75;8.65;7.91;7;8;14193986;-0.000047;5026.720634;28.33411;0.257034
5.1;9.27;8.63;7.49;9;29373644;31.97608;5056.303131;40.64798;12.176153
5.21;9.45;8.18;6.93;9;3378600;16.173267;5072.219262;42.886459;0.773393
5.35;7.06;6.83;6.84;4;66692024;22.405063;5111.909202;50.025532;4.836521
6.71;8.42;6.81;7.23;8;2007212;44.856248;5115.119247;19.057341;0.315765
5.68;9.49;7.96;7.34;10;1228254;18.320315;5116.039642;21.335859;0.000653
5;7.66;7.64;6.52;9;2671934;23.411881;5119.344953;25.304199;18.27629
6.23;9.22;8.18;7.11;8;2287955;-0.000291;5128.97182;72.401451;1.382262
4.28;8.13;6.88;6.8;7;45416276;25.485621;5148.411344;36.95747;50.721914
5.63;8;7.35;6.79;10;38230364;-0.000017;5196.932921;58.400311;4.944517
5.57;8.18;7.84;6.43;10;3325608;-0.0002;5220.957396;45.324589;4.855352
4.98;8.76;7.37;7.91;9;2714734;456.575856;5226.090903;28.73793;24.025511
6.53;9.3;7.93;7.21;9;15170387;-0.000044;5229.177098;37.185059;1.137423
5.01;9.43;6.66;7.41;10;1221003;20.02534;5229.873567;17.82233;0.088048
5.16;7.92;6.41;6.23;8;4440000;-0.00015;5245.421419;33.510159;10.223866
6.74;8.63;8.6;6.81;10;10187576;-0.000065;5266.850061;39.687759;1.564099
5.82;6.96;6.08;7.59;-6;15308084;33.772483;5291.57565;59.603901;69.435
6.74;9.24;8.83;7.32;9;1379350;-0.000483;5308.346961;62.843761;5.318492
5.21;6.69;5.76;6.31;6;143518523;-0.000005;5323.473877;72.590233;61.774337
6.53;8.8;7.15;7.44;8;1864003;3.342269;5327.853518;10.05616;0.085237
4.95;8.18;7.25;7.06;9;2699838;456.880376;5332.474361;28.223301;24.45632
6.5;8.62;6.79;7.57;8;1895671;3.459461;5342.140336;10.18734;0.13362
6.3;7.9;7.99;5.91;9;5388720;-0.000124;5402.929754;28.431271;6.957858
4.3;7.87;6.64;6.75;7;44901660;3.919855;5433.706412;35.36916;47.256862
4.9;8.61;7.27;7.41;9;2707805;456.025452;5445.894718;30.82267;23.865312
4.02;7.12;5.69;5.47;2;36717132;50.100237;5447.403976;30.275471;97.196901
5.13;9.29;8.22;7.62;10;1233996;19.193741;5455.06563;23.532459;0.104092
4.8;7.2;4.87;5.7;2;38186135;48.321334;5491.614414;33.30463;96.722
6.28;9.24;8.16;6.75;10;3415213;-0.000195;5505.535669;68.017502;19.44443
5.14;7.04;6.88;6.8;7;66902958;22.265398;5539.494368;52.58112;5.398035
6.69;8.7;7.07;7.39;8;1967866;3.411818;5561.89824;21.626369;0.300339
6.99;6.6;7.39;7.99;3;25796124;7.704142;5564.173231;27.915569;13.421229
6.04;7.9;6.59;6.09;-7;1344130000;7.983624;5574.187093;24.328409;1.693469
6.4;6.3;6.43;7.03;-7;8763400;36.035101;5574.603802;19.04789;97.082785
4.53;7;5.31;5.62;2;37439427;49.18649;5583.61616;31.464109;97.135491
4.06;2.03;6.13;3.52;9;3878000;-0.000172;5616.54684;31.271;0.017946
4.22;5.44;6.42;6.31;8;39145491;-0.000017;5640.848503;63.98481;16.38292
6.72;9.02;6.99;7.65;8;1930431;3.568115;5666.637847;14.13573;0.241993
5.15;8.18;7.17;6.68;10;38204570;-0.000017;5693.377763;59.839432;4.2271
8.13;8.51;9.94;7.25;0;5063100;-0.000132;5700.412634;9.28351;0.129872
4.47;6.58;7.14;6.47;5;15419493;28.741736;5702.168288;40.51432;57.885131
5.62;8.05;8.28;5.73;9;5378867;-0.000124;5708.082659;30.083509;6.536849
5.42;4.5;2.69;6.47;8;1085308;-0.000614;5745.680568;4.42132;92.825546
6.55;5.95;7.9;5.73;10;10327253;-0.000064;5765.048439;20.78567;4.231193
5.38;8.48;7.63;6.44;9;21193760;10.281139;5828.740623;50.02813;9.983086
5.97;6.25;6.48;6.99;-7;9054332;31.184079;5842.805784;19.26004;94.509496
5.84;5.05;7.14;5.13;7;66973561;323.725313;5855.53866;30.6362;2.273794
3.94;4.09;4.28;5.16;-9;729165;19.88576;5869.231153;3.23346;87.945322
5.42;7.98;7.87;6.56;10;3331041;-0.0002;5877.879608;46.01796;3.588927
5.57;7.12;6.22;3.93;8;9642505;-0.000069;5893.66181;16.62033;15.550255
5.14;6.94;6.9;6.75;7;67164130;22.202655;5917.917934;51.404751;6.16064
5.05;8.62;7.78;7.72;9;7545338;127.938072;5932.899677;49.534981;14.60918
4.21;9.42;7.62;6.11;8;10155036;149.015917;5967.000984;46.377361;6.492759
6.89;8.13;8.37;6.25;10;10255063;-0.000065;5994.528277;28.426991;2.984023
6.65;6.65;7.55;7.52;10;3538082;-0.000188;6018.489552;21.75849;1.26947
5.15;7.78;6.86;6.57;8;4440000;-0.00015;6053.716037;36.409489;9.361374
5.23;9.31;8.19;6.96;9;3438398;13.629021;6142.947966;43.017799;0.680461
6.63;6.65;7.44;8;3;26263048;7.964955;6194.671905;28.58267;13.777563
6.35;6.07;7.74;5.46;9;37439035;-0.000018;6200.33627;22.87362;3.65596
4.97;7.06;6.8;6.77;7;67451422;22.152387;6229.172886;51.23354;5.961305
6.81;8.27;7.06;7.46;8;2047831;43.190576;6244.002574;16.993589;0.356999
4.36;8.2;6.94;6.96;7;45918101;24.762348;6250.6545;38.991749;60.403379
4.96;6.8;6.65;6.55;10;4711440;-0.000141;6260.191279;16.95479;0.416933
6;8.03;6.66;6.26;-7;1350695000;7.953358;6264.643878;26.700001;1.501676
5.76;8.92;8.24;5.24;10;3327105;-0.0002;6281.373271;37.555408;1.97708
6.02;9.23;8.37;7.78;10;1239630;20.069698;6285.78905;24.53931;0.144914
7.72;9.15;6.72;6.13;-9;2191864;-0.000304;6297.197627;6.45219;78.675244
4.78;6.16;2.87;6.77;9;1170935;-0.000569;6299.169658;4.45859;79.129824
5.78;8.68;5.05;4.88;-7;74253373;30.450038;6299.918738;43.080769;70.774936
6.36;9.55;8.67;7.35;9;15913119;-0.000042;6323.75764;42.672691;2.158602
6.35;9.04;8.28;7.35;8;2263122;-0.000294;6344.980664;77.260048;4.62869
7.08;5.93;7.65;6.95;10;3412800;-0.000195;6379.597213;16.71236;0.646643
6.65;9.03;7.02;7.59;10;1267980;-0.000525;6431.005105;6.06039;65.277915
5.21;7.67;7.11;7.24;-10;1812159;-0.000368;6448.134853;4.11786;91.881492
5.38;8.05;8.17;6.8;9;5376912;-0.000124;6524.861878;32.112412;5.984361
6.55;9.13;8.25;5.94;10;10216605;-0.000065;6594.717465;30.077881;2.9396
4.16;6.17;6.66;6.08;8;39558750;-0.000017;6639.909435;67.090569;15.407375
5.55;9.15;7.33;6.8;10;38182222;-0.000017;6639.963052;61.231152;5.350331
5.45;6.59;7.42;5.96;6;42869283;-0.000016;6642.451218;36.87473;1.011031
6.8;9;8.39;6.62;10;10158608;-0.000066;6646.238255;44.560822;1.477326
4.25;6.85;7.69;6.51;8;102808590;3.675471;6649.716534;19.29516;9.666488
4.86;6.26;6.96;6.61;8;54252574;-0.000012;6672.511388;23.67878;2.732889
4.54;7.63;7.34;6.87;8;106888418;4.031877;6673.166974;21.941561;11.2431
5.85;9.45;7.08;7.14;-10;1498416;-0.000444;6677.481724;0.31605;93.003847
6.05;9.17;8.16;7.11;10;3377075;-0.000197;6706.966998;73.137589;25.07816
7.36;9.01;9.69;5.33;10;9800700;-0.000068;6737.254619;20.72825;4.842616
4.99;9.51;7.94;7.68;9;7395599;127.206329;6752.552178;57.99295;13.298118
6.39;8.39;8.26;5.91;10;3321242;-0.000201;6871.903885;34.342682;1.561371
6.04;8.4;6.79;7.92;8;2176510;40.636156;6882.258373;24.834221;0.421966
5.73;6.94;5.61;6.23;6;143049528;-0.000005;6920.194398;72.890244;62.875068
6.52;8.98;8.11;6.87;10;1272383;-0.000523;6935.67988;6.43571;48.871109
3.64;7.38;7.32;5.85;8;104239563;3.496532;6952.289039;20.09684;7.973603
5;9.44;7.69;7.83;9;7444443;128.641458;6955.987733;54.099899;12.600843
5.07;8.47;6.21;5.85;10;13893000;-0.000048;6987.820995;23.17725;11.874867
5.86;8.26;6.73;6.38;-7;1357380000;7.930048;6991.853866;29.696449;1.521363
5.57;8.1;7.99;6.47;10;3339750;-0.000199;7009.67816;63.714291;4.362821
4.37;7.43;7.39;6.84;8;105578297;3.734555;7023.787276;21.0693;8.903198
6.53;8.81;7.84;7.08;10;1277840;-0.000521;7049.610061;8.70332;60.083731
6.23;9.2;8.34;8.08;10;1247429;121.659028;7082.2957;32.192619;0.029884
5.27;8.74;8.08;6.84;9;3498679;11.588088;7112.398708;43.123489;0.650019
4.94;7.89;7.2;6.86;8;108257822;4.160475;7115.121769;22.76664;12.395498
6.39;4.84;7.38;5.69;7;67860617;218.193197;7117.233241;32.764381;3.607549
3.64;9.45;7.35;5.26;8;37471535;-0.000018;7170.689698;58.276718;17.128506
7.16;9.61;8.88;7.44;9;1370720;-0.000486;7174.240792;65.28051;4.220547
6.05;6.45;6.54;6.93;-7;9173082;28.853879;7189.691229;19.64731;94.747394
4.48;7.27;6.11;5.55;0;354170;-0.00188;7192.394285;10.72115;0.034513
4.24;8.15;7.27;7.13;7;46406446;24.426046;7227.77083;42.741322;68.201344
6.57;6.78;7.42;7.98;3;26730607;8.220202;7240.681967;30.24552;14.412319
6.38;9.14;7.88;5.28;10;13666335;-0.000049;7241.886068;23.65904;17.071345
5.03;9.09;8.25;6.9;9;3559401;86.77078;7283.556981;43.030041;0.913752
4.98;8.74;7.68;7.68;9;7492561;125.579625;7296.122479;51.350842;16.067836
6.39;6.5;7.09;7.86;6;27661017;76.292784;7312.008314;35.720509;14.81186
4.98;9.47;7.57;7.92;9;7305888;128.508266;7333.355073;62.69648;16.210013
6.18;6.86;6.79;7.04;-7;9295784;27.093788;7393.771877;20.438459;93.419357
8.04;6.31;7.62;6.38;10;3112900;-0.000214;7467.236893;26.6165;1.131187
6.7;8.43;7;7.79;8;2089706;42.194452;7504.850907;17.90703;0.404508
6.72;8.68;8.15;7.22;8;2238799;-0.000297;7550.142187;78.855408;8.916033
5.92;8.1;7.2;7.1;9;52341695;52.425509;7592.157997;19.69685;12.489555
7.88;6.17;7.31;6.57;10;3247100;-0.000205;7600.612154;32.12741;1.65189
4.53;7.97;7.05;6.68;8;116815612;38.263636;7647.684747;25.653481;13.514561
4.93;9.43;7.62;7.8;9;7265115;129.488384;7656.638506;66.494713;14.751788
5.41;9.71;7.65;6.49;8;37057453;-0.000018;7669.273709;53.070499;17.738467
6.28;5.42;7.49;5.68;7;68704721;159.100813;7727.272405;36.584339;4.171253
6.74;9.34;8.45;7.5;9;16096571;-0.000041;7728.611897;47.66431;2.694636
6.28;9;8.31;7.96;10;1244121;19.491673;7749.318438;27.23933;0.03271
5.03;9.32;7.59;7.84;9;7348328;127.628897;7750.03988;59.625229;13.10127
6.21;9.28;8.29;8;10;1250400;119.228247;7772.100057;34.173;0.000601
4.85;7.84;7.11;6.79;8;4440000;-0.00015;7805.881418;39.582459;9.643684
7.91;9.26;8.82;8.3;10;215973000;-0.000003;7820.065471;51.04408;4.212468
6.37;8.83;7.99;7.36;10;3322528;-0.0002;7863.162009;77.506599;26.647706
5.85;7.56;5.09;4.44;-7;75184322;29.382389;7874.484792;48.829411;70.47863
4.21;8.13;7.35;7.2;7;46881018;24.204764;7885.061292;45.019032;69.641475
7.73;6.05;7.55;4.45;10;9983218;-0.000067;7885.394019;20.02095;3.102907
4.96;8.08;7.25;6.75;8;109747906;3.776992;7893.968234;23.314699;14.906882
6.16;6.24;7.87;6.53;10;5059862;-0.000132;7954.974162;28.54543;3.374917
5.06;9.13;8.29;6.77;9;3620506;83.80127;7958.58369;43.915791;0.312708
6.78;6.29;8.05;4.85;10;56593071;-0.000012;7967.230642;25.9436;4.669831
5.63;9.27;7.28;6.98;10;38165445;-0.000017;7976.066768;63.600819;5.032961
5.88;8.88;8.19;7.14;10;10196916;-0.000065;8011.898074;34.60981;3.958984
4.14;8.12;7.35;7.16;7;47342363;24.016925;8027.97816;48.326279;69.42937
5.4;6.4;6.93;6.09;10;4007313;-0.000166;8204.451512;21.37281;13.736082
5.86;8.88;8.13;7.02;9;20882982;5.747359;8214.187342;53.955849;7.524701
6.02;9.03;8.06;6.83;9;20367487;544.392541;8220.108329;61.295712;5.888908
4.2;7.11;6.75;6.08;8;39969903;-0.000017;8239.137161;66.728043;10.993998
5.72;9.1;7.99;7.29;9;20246871;820.317668;8297.483621;56.776501;5.19565
6.41;9.33;8.28;6.81;10;10129552;-0.000066;8391.141952;52.285721;1.559716
5.7;5.55;8;4.57;10;56433883;-0.000012;8432.094481;27.4089;5.661289
6.14;6.58;7.12;7.78;6;27197419;7.874681;8486.599333;33.710049;18.396577
5.42;8.3;5.59;6.1;4;142785342;-0.000005;8562.813697;75.474617;66.685308
5.47;8.91;7.45;5.96;7;71261307;135.243576;8623.949625;46.127949;4.003863
6.65;9.35;9.68;8.25;10;56550268;-0.000012;8652.216542;21.30667;21.434787
5.24;8.06;7.17;6.78;8;111382857;3.917174;8666.335353;23.79003;15.525614
6.15;7.41;8.32;7.49;9;5373374;-0.000124;8696.913242;33.9356;5.073458
5.72;8.61;7.06;6.95;-10;419425;-0.001588;8706.829176;12.15382;0.072614
4.68;9.33;7.16;6.39;6;4337156;91.157431;8763.795964;47.7966;0.17031
7.88;9.58;9.72;5.8;10;9858308;-0.000068;8797.66799;30.95516;6.451049
5.4;8.97;7.8;6.98;10;1284052;-0.000519;8804.518666;8.77808;61.892351
6.79;9.53;8.99;7.89;9;1362550;-0.000489;8850.46785;66.765984;4.537292
4.57;8.07;7;6.72;8;118617542;37.01751;8851.350514;26.739389;14.042296
2.73;7.51;7.07;4.99;-66;2058832;-0.000323;8950.598481;12.17873;92.621014
6.08;9.35;8.2;6.57;10;4600487;52.2386;8963.680052;44.450249;0.342014
6.37;9.22;8.37;8.11;10;1252404;118.670174;8984.629769;36.045502;0.000832
6.23;9.31;7.31;6.85;10;38141267;-0.000017;8999.739627;65.185982;4.372281
5.23;8.74;8.23;6.89;9;3681979;82.1474;9036.037414;41.781921;0.012632
5.62;8.45;8.06;6.32;10;3350832;-0.000199;9062.290535;64.59832;3.361449
6.86;6.52;7.49;8.03;6;28119500;73.724711;9069.041757;37.134529;15.856877
7.56;8.63;8.59;9.32;-8;2385075;-0.000279;9070.494699;15.11176;76.833698
5.59;8.34;5.59;6.09;4;142805088;-0.000005;9101.256706;74.129982;61.446981
6.56;9.43;8.4;8.1;10;1255882;118.468136;9113.640643;39.864819;0.000753
4.7;9.41;7.04;6.33;6;4388637;80.932873;9132.434202;49.733841;0.138166
7.88;8.31;6.93;6.11;10;7564985;-0.000088;9150.001211;24.69869;2.022245
5.57;9.35;7.79;7.42;9;20147528;880.413369;9200.277825;51.59729;5.479295
4.78;8.02;7.03;6.66;8;113139374;4.050791;9219.817783;24.390921;15.766839
4.34;7.03;6.41;5.82;8;40798641;-0.000016;9231.3829;71.250938;10.34151
6.59;8.78;7.97;7.32;10;3269909;-0.000204;9240.642548;78.379967;23.527855
7.91;8.28;6.92;7.92;10;116782000;-0.000006;9307.839295;31.20274;0.388811
5.7;6.44;7.45;5.85;7;69515492;105.529585;9309.509482;38.465309;4.818847
5.09;8.09;6.97;6.87;8;4439000;-0.00015;9365.742468;41.34547;11.337343
5.77;8.83;8.1;6.44;10;3362761;-0.000198;9415.153583;63.23914;1.509683
6.55;9.67;8.49;7.82;10;1258653;118.444877;9479.86959;41.208912;0.000551
6.95;9.14;8.57;7.33;10;16279728;-0.000041;9500.835162;46.543301;2.391402
4.85;7.98;7.01;6.62;8;114972821;3.885344;9578.5707;25.096161;17.387683
6.76;6.89;6.6;4.66;10;10156902;-0.000066;9637.888692;24.90568;7.295391
6.67;7.03;4.82;5.81;10;766611;-0.000869;9641.575273;9.02724;1.910747
6.77;8.71;8.08;7.65;8;2218357;-0.0003;9651.70304;78.954819;5.202442
4.46;8.1;7.02;7.05;8;122070963;35.897636;9703.371017;28.99449;14.370337
4.63;8.12;7.03;6.8;8;120365271;36.367259;9715.112596;27.686831;16.296347
4.36;9.37;7.06;6.96;6;4440728;71.287185;9729.282193;46.264511;2.941479
6.17;9.29;8.13;6.67;10;4654148;51.691738;9733.396931;46.740959;0.056627
6.11;9.11;8.07;7.27;10;10193998;-0.000065;9741.058384;37.30648;2.81775
7.25;6.69;6.77;6.32;8;56795686;-0.000012;9775.339435;28.73796;3.848527
8.35;9.44;9.04;5.6;10;14491632;-0.000046;9799.443038;30.8071;22.69346
4.02;9.6;6.94;6.23;6;4493438;66.243709;9870.486278;47.927952;9.973297
5.72;6.48;3.82;7.27;0;234684;-0.002838;9888.615756;15.00416;65.692292
8.37;6.93;5.97;6.6;0;393028;-0.001695;9967.790407;23.13591;0.002408
4.42;7.42;6.89;5.3;10;8192437;-0.000081;9974.657321;22.89912;1.518401
4.29;6.9;6.76;6.1;8;40381860;-0.000016;9999.093517;68.686897;9.447404
7.05;5.96;9.63;7;10;56314216;-0.000012;10032.06208;18.65263;13.029629
5.25;8.86;7.35;6.2;7;72310416;100.631533;10111.51771;55.90155;3.933685
7.56;8.6;8.12;8.67;-8;2448194;-0.000272;10115.04361;16.68325;91.107842
6.02;8.24;8.08;6.9;9;20537875;5.69611;10136.47163;59.591862;9.108137
5.32;8.88;8.22;6.87;9;3743761;80.87856;10138.52113;43.456421;0.088869
4.45;8.08;7.2;7.11;8;123740109;35.48438;10172.72255;29.89047;13.016684
7.26;9;6.38;6.53;10;14692000;-0.000045;10186.12824;25.07077;11.139264
7.26;9.1;8.29;7.03;10;16829957;-0.00004;10217.31403;59.012699;1.365053
5.34;8.2;7.5;6.86;9;4442000;-0.00015;10224.24059;44.533298;13.904392
7.29;7.49;7.84;6.19;10;1988925;-0.000335;10227.73488;55.11092;0.667129
6.31;9.28;8.44;7.39;10;10107146;-0.000066;10254.24103;60.15263;1.816872
4.54;8.97;7.73;7.71;10;1290535;-0.000516;10290.46342;11.95271;60.206848
7.24;9.43;8.46;7.68;9;1354775;-0.000492;10338.31726;68.445831;7.219276
6.6;9.43;7.02;6.84;-9;563730;-0.001181;10376.36425;16.59305;53.129218
8.37;7;6.38;6.23;0;381363;-0.001746;10377.03732;19.847879;0.000033
5.49;8.57;7.37;6.24;7;70344357;123.640024;10382.31817;39.874859;5.84943
6.94;6.5;7.62;8.06;6;28572970;72.330388;10427.75605;35.974911;17.751428
6.25;9.33;7.92;6.57;10;4706433;51.219894;10461.57682;47.5956;0.048843
7.02;8.87;7.94;5.87;10;1992060;-0.000334;10479.29778;60.333939;0.974183
7.07;9.15;8.65;7.26;10;16462701;-0.00004;10513.54071;52.11396;1.76269
5.53;8.98;7.24;6.51;9;73199372;61.768481;10584.16396;60.683601;4.698941
5.5;8.84;7.25;6.59;9;74099255;33.879774;10646.03553;69.38549;5.282536
6.2;8.77;8.81;7.75;9;5372280;-0.000124;10654.79371;36.034931;6.298237
8.75;3.12;7.51;5.74;10;1989872;-0.000335;10690.66198;30.44847;1.199785
7.14;8.82;8.68;7.19;10;16645940;-0.00004;10791.02019;54.856739;2.258112
6.79;6.5;7.6;8.16;6;29021940;71.287964;10834.65908;37.20023;20.436156
8.04;8.4;6.87;5.79;10;7549433;-0.000088;10843.36172;21.12153;1.568812
7.03;6.97;7.6;7.05;0;395969;-0.001682;10849.75028;22.77548;0.029174
5.28;9.02;6.88;6.47;9;75010202;21.994981;10975.07493;79.332733;4.258095
6.66;9.44;7.97;7.31;10;10087065;-0.000066;11155.96145;65.104309;2.600086
4.31;6.59;6.3;5.67;8;41222875;-0.000016;11198.64257;74.829659;8.12663
2.71;5.3;3.61;5.02;5;28116716;-0.000024;11224.6467;78.134659;93.828001
6.83;7.78;6.83;6.38;10;4779535;-0.000139;11232.27456;31.75723;4.370582
5.61;9.22;7.46;6.99;10;38120560;-0.000017;11247.55148;66.690399;3.665684
6.35;9.32;7.55;6.02;8;47357362;-0.000014;11255.94789;82.73275;5.338189
4.39;3.95;6.86;3.58;9;4660000;-0.000143;11264.01838;33.60007;0.663842
6.4;8.93;8.05;7.11;8;2097555;-0.000318;11319.517;70.551918;5.325283