Country Name,Country Code,Indicator Name,Indicator Code,1960,1961,1962,1963,1964,1965,1966,1967,1968,1969,1970,1971,1972,1973,1974,1975,1976,1977,1978,1979,1980,1981,1982,1983,1984,1985,1986,1987,1988,1989,1990,1991,1992,1993,1994,1995,1996,1997,1998,1999,2000,2001,2002,2003,2004,2005,2006,2007,2008,2009,2010,2011,2012,2013,2014,2015
Aruba,ABW,"Enrolment in secondary education, both sexes (number)",SE.SEC.ENRL,,,,,,,,,,,,,,,,,,,,,,,,,,,,,,,,,,,,,,,,6159,6178,6428,6757,6869,6973,7116,7439,7853,7270,7439,7342,7378,8377,,,
Andorra,AND,"Enrolment in secondary education, both sexes (number)",SE.SEC.ENRL,,,,,,,,,,,,724,723,698,890,1339,1753,,,,,,,2516,,,,,,,,,,,,,,,,,,,3132,3194,3250,3737,3843,3819,3851,3914,4059,4159,4208,4239,,
Afghanistan,AFG,"Enrolment in secondary education, both sexes (number)",SE.SEC.ENRL,,,,,,,,,,,116174,134069,153060,165346,172797,185723,204889,223379,238674,,293308,332935,178423,,198337,206381,187745,,205392,202572,182340,281928,,332170,497762,512851,,,,,,362415,,406895,594306,651453,1006841,1035782,1425009,1716190,2044157,2208963,2415884,2538420,,
Angola,AGO,"Enrolment in secondary education, both sexes (number)",SE.SEC.ENRL,,,,,,,,,,,,57829,67230,79055,,,,,105368,,143556,190702,139784,131918,170545,151759,178910,179338,156200,178868,171156,187436,218987,,,,,,,300480,354984,413695,461825,,,,,,646180,711232,850334,884982,,,,
Albania,ALB,"Enrolment in secondary education, both sexes (number)",SE.SEC.ENRL,,,,,,,,,,,,,,,,,396099,,415601,428218,440617,447501,428750,405293,408591,426837,446794,449699,459880,465958,475074,478285,404904,362439,350912,349430,346945,350157,,363502,365664,377936,382205,396095,393503,407403,408980,410444,406553,354587,355871,355158,349269,346365,,
Arab World,ARB,"Enrolment in secondary education, both sexes (number)",SE.SEC.ENRL,,,,,,,,,,,4794429.5,4942031,5239153,5570140.5,5923216,6428496.5,7006135,7597905.5,8251693,8860377,9433121,10044232,10713850,11295603,11944341,12672001,13536574,14173385,14627161,14919357,16276291,16419470,16494327,17188684,18397608,18952050,19501656,20509658,21565076,22514034,23414862,24323690,25104240,26735518,27774496,28089940,28260082,28462570,29042674,29641856,30151640,31239992,31752780,31156808,,
United Arab Emirates,ARE,"Enrolment in secondary education, both sexes (number)",SE.SEC.ENRL,,,,,,,,,,,,4622,5905,6422,6210,7971,12562,16244,18905,22668,27264,32362,39868,45957,51892,56733,62082,68259,76404,85586,95669,107881,118011,129683,145143,159840,,180764,190576,201522,210002,220134,226407,273491,279496,284978,298447,311013,,324027,338275,348698,358678,376032,,
Argentina,ARG,"Enrolment in secondary education, both sexes (number)",SE.SEC.ENRL,,,,,,,,,,,976979,1011566,1061616,1125715,1197729,1243058,1283056,1288107,1293073,1296839,1326680,1366444,1425648,1466424,1635654,1800049,1848815,1897711,1974119,,2160410,2263263,,,2307821,,2594329,2463608,,3344470,3427731,3493624,3504252,3499181,3497541,3476306,3481085,3483089,3530995,3636717,3693688,3745403,4346391,,,
Armenia,ARM,"Enrolment in secondary education, both sexes (number)",SE.SEC.ENRL,,,,,,,,,,,,,,,,,,,,,,,,,,,,,,,,394879,394701,402394,343096,,330577,334922,,351392,409423,393420,,,373693,369736,362542,345830,318606,313249,305765,283598,269479,252428,,
American Samoa,ASM,"Enrolment in secondary education, both sexes (number)",SE.SEC.ENRL,,,,,,,,,,,,,2305,2484,2392,2373,2500,2602,2679,2679,2679,3000,2960,2999,3051,3287,3342,3295,3210,3335,3437,3565,3643,,,,,,,,,,,,,,,,,,,,,,,
Antigua and Barbuda,ATG,"Enrolment in secondary education, both sexes (number)",SE.SEC.ENRL,,,,,,,,,,,,,7248,4996,6904,6430,6827,6927,5706,,,,,,,,,,,,,,5845,,,,,,,,5276,,,,,,,7838,8628,8557,8436,8449,8383,,,
Australia,AUS,"Enrolment in secondary education, both sexes (number)",SE.SEC.ENRL,,,,,,,,,,,1136960,,,,,,,,,,,,,,,,,,,,,,,2029407,2003504,2182085,2280274,2367692,2433445,2491404,2589474,2499676,2513670,2568791,2492235,2496917,2186253,2189319,2222159,2255457,2282421,2328350,2377328,2384025,,
Austria,AUT,"Enrolment in secondary education, both sexes (number)",SE.SEC.ENRL,,,,,,,,,,,,775335,,,,,914475,,,,,937484,907378,893143,864510,850653,847188,818885,790819,764145,753964,746272,756385,768176,778006,786156,791453,793485,,747681,748659,749135,755581,764426,770391,781292,782981,777792,770792,762981,743709,723523,709910,706501.625,,
Azerbaijan,AZE,"Enrolment in secondary education, both sexes (number)",SE.SEC.ENRL,,,,,,,,,,,,,,,,,,,,,,1008831,,,,,930557,,,902723,867185,867386,880096,887952,873936,877809,805382,819625,,,,,,,,,1204901,1181338,1151357,1114356,1062674,1022500,982128,,,
Burundi,BDI,"Enrolment in secondary education, both sexes (number)",SE.SEC.ENRL,,,,,,,,,,,,8169,8678,7868,9926,12297,13623,13736,14891,15886,16410,19013,20398,19917,21424,23984,25939,29027,31045,34899,38194,44207,48398,55713,,,,,,,,113427,122469,129204,152251,171110,192296,209945,,288956,337577,381041,420117,490858,,
Belgium,BEL,"Enrolment in secondary education, both sexes (number)",SE.SEC.ENRL,,,,,,,,,,,,723703,752093,769865,784654,788773,795203,811608,832600,840326,839002,835524,835177,818611,825108,827839,824997,812991,805647,794023,781488,769438,765672,1040586,1053445,1061790,1058998,,,1033484,1057536,1125256,1149329,1180028,805778,814539,821996,825293,817258,810411,805880,802659,793767,1206574,,
Benin,BEN,"Enrolment in secondary education, both sexes (number)",SE.SEC.ENRL,,,,,,,,,,,,17889,22132,27992,33397,40088,43123,47370,53519,59461,69982,89969,106908,126485,123884,120582,107172,102171,,,,,,,,,,,,213474,229228,256744,287292,312427,344890,435449,,,,,,723727,,868990,,
Burkina Faso,BFA,"Enrolment in secondary education, both sexes (number)",SE.SEC.ENRL,,,,,,,,,,,,10717,11179,12132,14416,15470,16227,18081,19319,21018,25113,27539,31398,32605,35966,43843,53565,62582,72207,84511,91022,98929,105542,115753,125191,,,,,173205,189689,199278,,236914,266538,295412,319749,352376,423543,467658,537988,604168,676337,762445,,
Bangladesh,BGD,"Enrolment in secondary education, both sexes (number)",SE.SEC.ENRL,,,,,,,,,,,,,,2265469,,,2183413,2238186,,2349920,2659208,2407888,,2959437,3111267,3125219,3136454,3272858,3340120,3406520,3592995,,,,,,,,,9912318,10329065,10690742,11024326,11051234,10354760,10109395,10250862,10444714,10036889,10907065,11334055,11542964,12187154,,,
Bulgaria,BGR,"Enrolment in secondary education, both sexes (number)",SE.SEC.ENRL,,,,,,,,,,,,843894,845445,848718,854039,856582,809823,828214,809785,782951,782819,785615,792343,802465,809919,828736,887929,907595,930465,940260,910101,896343,864882,822109,778739,771800,756549,733362,,699957,696073,695474,693289,707251,704678,685640,662510,633343,593321,554835,531980,523355,503786,519569,,
Bahrain,BHR,"Enrolment in secondary education, both sexes (number)",SE.SEC.ENRL,,,,,,,,,,,,13652,14432,15423,16832,18074,18617,19554,21485,22853,24233,26528,28710,33629,33476,35901,38577,39951,40540,41038,40238,47005,48600,51513,54193,56057,57222,57184,58547,58664,61058,62221,64439,67160,69638,71645,73767,,77928,79162,79919,81857,83141,88866,,
"Bahamas, The",BHS,"Enrolment in secondary education, both sexes (number)",SE.SEC.ENRL,,,,,,,,,,,,21422,22536,23317,26351,29438,30610,,,,30224,28136,27731,27649,29496,27147,27604,29765,,,26835,26861,29559,29863,28532,28435,,27970,,26614,,,31713,,30857,32089,32709,34217,34399,34274,34406,,,,,
Bosnia and Herzegovina,BIH,"Enrolment in secondary education, both sexes (number)",SE.SEC.ENRL,,,,,,,,,,,,,,,,,,,,,,,,,,,,,,,,,,,,,,,,,,,,,,,,333304,338971,334355,322766,316241,313321,309015,,
Belarus,BLR,"Enrolment in secondary education, both sexes (number)",SE.SEC.ENRL,,,,,,,,,,,,809800,844640,871880,892797,889777,879169,858677,833331,808000,783900,756500,733900,720800,713700,713100,716200,720300,720700,720400,711700,968200,968200,970300,993900,1024600,1055200,1064700,,,,,,,,,,,880231,822899,762616,722508,693047,662573,,
Belize,BLZ,"Enrolment in secondary education, both sexes (number)",SE.SEC.ENRL,,,,,,,,,,,,,,,,,,,,,12259,12248,12229,,,,14647,15505,,,,16550,,,19751,20226,,,,21659,23235,24395,,27880,29082,29185,30084,30475,31120,31721,32780,33614,35391,36778,,
Bermuda,BMU,"Enrolment in secondary education, both sexes (number)",SE.SEC.ENRL,,,,,,,,,,,,4268,4352,4732,4539,4700,4824,5393,5269,5261,5324,,,,,,,,,,,,,,,,,,,,,4566,4565,4660,4803,4756,4518,,,,4418,4320,4224,4175,,
Bolivia,BOL,"Enrolment in secondary education, both sexes (number)",SE.SEC.ENRL,,,,,,,,,,,159580,173709,195664,205425,,251074,,,,,,,,,,,,,,,,,,,,,,,,829759,876841,926190,996577,1048881,,,1043127,1052014,1059641,1054878,1058257,1059980,1078672,1112722,,
Brazil,BRA,"Enrolment in secondary education, both sexes (number)",SE.SEC.ENRL,,,,,,,,,,,4086073,4562126,5598583,6058379,8012497,8614147,9403986,10102668,10521905,,,,,,,10454336,,,,,,,,,,,,,6967905,,,,26789210,24592568,25155104,24863112,,23423870,23645668,23616942,23538716,23399408,23134072,24881382,,
Barbados,BRB,"Enrolment in secondary education, both sexes (number)",SE.SEC.ENRL,,,,,,,,,,,,27593,28353,28738,27585,29724,29025,28677,30021,29446,29816,28818,27787,27640,27715,28695,,,,25422,24004,,,,,,,,,21841,21016,20866,20872,20947,21300,21418,20855,20651,20337,19928,19497,19696,,,,
Brunei Darussalam,BRN,"Enrolment in secondary education, both sexes (number)",SE.SEC.ENRL,,,,,,,,,,,10974,11801,12765,13145,13704,14614,15946,16005,16410,16891,17441,17869,18734,19940,19904,20462,20295,,,,,25699,26836,28210,28851,,,,,34426,35209,36986,38692,40022,42167,43900,45887,46173,46826,48119,48724,49916,52396,51738,,
Bhutan,BTN,"Enrolment in secondary education, both sexes (number)",SE.SEC.ENRL,,,,,,,,,,,714,852,1059,,1788,,,1536,,,,,4408,5298,5872,6094,,,,,,,,,,,,,,21507,25241,29115,,,,42144,45109,49011,52098,56543,60036,62768,66072,68775,,
Botswana,BWA,"Enrolment in secondary education, both sexes (number)",SE.SEC.ENRL,,,,,,,,,,,5197,6210,7195,10629,12245,14286,16275,17896,18977,19538,20969,22962,,25010,30902,36144,39713,42952,44194,53849,61767,77998,80358,90658,91862,111134,,,,157804,162663,163354,166089,167919,170038,171265,174843,177615,181741,,,,,,,
Central African Republic,CAF,"Enrolment in secondary education, both sexes (number)",SE.SEC.ENRL,,,,,,,,,,,,11279,14110,16347,18291,20019,23011,24844,30554,32514,38500,45211,54400,55368,,58104,59273,50690,46258,45340,49147,50930,43740,,,,,,,,,70162,71893,,,,,,,93341,,126017,125907,,,
Canada,CAN,"Enrolment in secondary education, both sexes (number)",SE.SEC.ENRL,,,,,,,,,,,,2527143,2582284,2595716,2579041,2596732,2589862,2587871,2544408,2474183,2388308,2323228,2340255,2321381,2323105,2287746,2250941,2238224,2242938,2249305,2254654,2292497,2337513,2402531,2455427,2469552,2505389,,2646295,2511517,2519080,,,,,2601926,2632432,2657320,2668134,2657932,2611619,2583789,2734631,,,
Central Europe and the Baltics,CEB,"Enrolment in secondary education, both sexes (number)",SE.SEC.ENRL,,,,,,,,,,,10260805,10269991,10228624,10204542,10088383,9930739,9659656,9538010,9400192,9350550,9442301,9703500,9958701,10190347,10443813,10705140,10932075,11151150,11300306,11460149,11637668,11336778,11047470,11188977,11148651,11006942,11005766,11022584,10877785,10926084,10974215,11049537,11043502,10985122,10377722,10219599,9907072,9534141,9236725,8875275,8599326,8316816,8008284,8184686,,
Switzerland,CHE,"Enrolment in secondary education, both sexes (number)",SE.SEC.ENRL,,,,,,,,,,,,,,,,,,,626312,640872,653294,661315,663054,661969,659858,649958,634750,618667,603541,588545,577406,567396,562465,558487,564705,561716,559924,,538775,544433,549369,553618,550317,555505,563701,574783,584073,592454,598957,601033,605184,605000,606162,,,
Channel Islands,CHI,"Enrolment in secondary education, both sexes (number)",SE.SEC.ENRL,,,,,,,,,,,,,,,,,,,,,,,,,,,,,,,,,,,,,,,,,,,,,,,,,,,,,,,,
Chile,CHL,"Enrolment in secondary education, both sexes (number)",SE.SEC.ENRL,,,,,,,,,,,590130,689305,764393,823613,848773,848408,863413,903617,933204,967455,969693,979454,982337,1051593,1089719,1133670,1153246,,1196815,1165721,1117511,1386860,1390586,1110657,,,,,,1304679,1391283,,1496937,1557120,1594966,1630099,1633868,1611631,1588836,1528200,1518224,1493033,1443554,1571374,,
China,CHN,"Enrolment in secondary education, both sexes (number)",SE.SEC.ENRL,,,,,,,,,,,20253372,26482476,31493670,36166904,34946780,37137884,45368416,59055676,68488200,66371588,60248276,56777808,50145904,47027980,46865160,49236900,51663800,54108600,55062400,53621700,51799200,52385600,53690000,55100000,55548100,58941484,63800416,68275440,71883000,77436272,81487960,86516712,90722792,95624760,,,101195120,101830968,101448264,100392464,99218080,97452464,95004208,94324416,,
Cote d'Ivoire,CIV,"Enrolment in secondary education, both sexes (number)",SE.SEC.ENRL,,,,,,,,,,,,69714,80605,92101,94292,104730,119482,130102,147563,168971,197248,221940,,242126,251417,266801,,284925,,,,,,,,,,,,591549,,,,,,,,,,,,,,1245267,,
Cameroon,CMR,"Enrolment in secondary education, both sexes (number)",SE.SEC.ENRL,,,,,,,,,,,,76461,87284,99970,111038,126654,143812,163810,183179,198616,212860,234090,248786,273660,296538,328423,343720,386867,416764,439365,457161,500272,534451,,550480,550648,,549569,587981,642781,699669,848276,759804,823068,751580,784203,698444,976910,1127691,1268655,,1574451,1713452,1812849,,
"Congo, Rep.",COG,"Enrolment in secondary education, both sexes (number)",SE.SEC.ENRL,,,,,,,,,,,,34267,42066,54893,72517,87968,102110,122006,136642,149386,159218,187585,206299,209715,201583,202908,222633,235050,226952,200537,181979,182967,191459,,212850,,214650,,,,,,194101,204096,235294,,,,,,,,339250,,,
Colombia,COL,"Enrolment in secondary education, both sexes (number)",SE.SEC.ENRL,,,,,,,,,,,750055,837458,916165,1159996,1284347,1370567,1490779,1616111,1633635,1691356,1733192,1768124,1816628,1816599,1889023,1934032,2136239,2187752,2235284,2282816,,2377947,2686515,2829435,2935830,3025350,3252128,,,3589425,3568889,,3723348,,4050525,4297228,4509406,4684033,4772189,4992062,5079732,5130778,4903462,4910024,,
Comoros,COM,"Enrolment in secondary education, both sexes (number)",SE.SEC.ENRL,,,,,,,,,,,,1273,,2623,3197,,,,,,,13798,,,,,21056,21168,,,,,15878,,17637,,,,,28718,,,33874,38272,42919,,,,,,,,,67764,,
Cabo Verde,CPV,"Enrolment in secondary education, both sexes (number)",SE.SEC.ENRL,,,,,,,,,,,,,4096,,,,,,,,3129,3341,3691,,4465,,,5675,6413,6891,7866,,,,14097,,,,31602,,44715,44748,48055,49522,49790,52671,61465,60783,61906,60769,61677,62222,61956,62297,,
Costa Rica,CRI,"Enrolment in secondary education, both sexes (number)",SE.SEC.ENRL,,,,,,,,,,,61068,67688,77828,94490,106511,111538,116037,121202,,134350,135830,133909,130347,122836,117412,112531,114655,116928,118357,123052,130553,139303,151513,160291,169777,179440,183162,192678,202415,254597,255643,280341,288965,,339763,347244,374428,377924,380813,405584,413686,419453,427760,447280,,
Caribbean small states,CSS,"Enrolment in secondary education, both sexes (number)",SE.SEC.ENRL,,,,,,,,,,,365786.625,370823.25,392075.625,406985.25,411489.0938,469080.7813,499403.25,516790.2188,532320.875,543586.0625,563358.9375,541325.6875,538920,541175.625,539715.5625,552336.375,559936.9375,561642.625,568679.9375,557716.5625,561242.3125,566968,564519.6875,555835.0625,574057.625,597169.25,624352.4375,642283.9375,564305.75,575348.0625,581301.5625,587936.0625,586262.9375,581128.1875,595342.4375,600669.4375,605061.4375,613619,619025.375,620562.125,617548.5,624468.6875,603429.8125,586124.3125,,
Cuba,CUB,"Enrolment in secondary education, both sexes (number)",SE.SEC.ENRL,,,,,,,,,,,,272526,252801,285274,348684,449041,629398,806049,818346,936088,1127591,1146414,1158151,1116930,1140917,1144790,1156555,1153659,1143137,1127035,1073119,1002338,912165,819712,725800,674152,704601,712897,779911,739980,789927,836642,895742,938047,932338,937493,928342,898833,865602,826088,808904,797860,784466,787297,,
Curacao,CUW,"Enrolment in secondary education, both sexes (number)",SE.SEC.ENRL,,,,,,,,,,,,,,,,,,,,,,,,,,,,,,,,,,,,,,,,,,,,,,,,,,,,,,11219,,
Cayman Islands,CYM,"Enrolment in secondary education, both sexes (number)",SE.SEC.ENRL,,,,,,,,,,,,,907,1187,1340,1556,1495,1558,,,1446,2075,,,,,,,,,,,,,,,,,,2151,2342,2337,2341,,2701,2824,2899,3010,3198,,,3246,3302,3387,,
Cyprus,CYP,"Enrolment in secondary education, both sexes (number)",SE.SEC.ENRL,,,,,,,,,,,,42305,45041,48069,49668,46800,49373,50633,49358,48886,48797,47599,48881,48527,49274,48752,46159,44308,42191,42613,43219,44614,47908,51641,54687,57804,59845,61266,,63050,63677,64065,63871,64711,64534,64293,64714,64853,64966,64557,63662,62894,61801,,,
Czech Republic,CZE,"Enrolment in secondary education, both sexes (number)",SE.SEC.ENRL,,,,,,,,,,,,1025567,1000466,974907,956646,960085,980311,1001695,1013162,1021962,1021020,,1148591,1136748,1117289,1138810,1160863,1227253,1237801,1285595,1287458,1267699,1201149,1200260,1189988,1193245,1190725,1067160,,928467,957763,1004130,998608,1000493,982208,975284,966280,937026,903691,868328,836847,805253,777216,801314,,
Germany,DEU,"Enrolment in secondary education, both sexes (number)",SE.SEC.ENRL,,,,,,,,,,,,,,,,,,,,,,,,,,,,,,,,7398011,7500078,7933806,8070103,8152297,8260674,8382335,,8185146,8307277,8387525,8465150,8446559,8381930,8267636,8184604,7981848,7907105,7740935,7663755,7528270,7392963,7289386.5,,
Djibouti,DJI,"Enrolment in secondary education, both sexes (number)",SE.SEC.ENRL,,,,,,,,,,,,1385,1841,1674,1920,2158,1994,,,3774,4472,5133,5543,5932,6331,6617,7041,8003,8136,8902,9152,9513,10026,9740,10384,11384,11860,13311,,15511,15812,18808,20516,,26549,30142,30265,34972,41159,44481,,50965,55082,57155,58553,
Dominica,DMA,"Enrolment in secondary education, both sexes (number)",SE.SEC.ENRL,,,,,,,,,,,,,,6649,6566,6379,6487,6516,6342,6779,,,,,7562,,7370,6308,,,5634,,,,,,,,,7126,7429,7456,7500,7724,7477,7476,7475,7481,7309,7214,6766,6507,,,,
Denmark,DNK,"Enrolment in secondary education, both sexes (number)",SE.SEC.ENRL,,,,,,,,,,,,407103,,,,,,,452625,467879,486692,498944,498462,495950,486541,483859,487526,488775,485842,483502,474908,464555,455639,448596,445746,444682,438809,,,422399,426149,441523,434517,446863,449750,464952,463617,475140,484199,493144,504205,519115,527851,555278,,
Dominican Republic,DOM,"Enrolment in secondary education, both sexes (number)",SE.SEC.ENRL,,,,,,,,,,,,126261,141070,161727,176727,191095,260133,279314,298293,318905,337511,356091,379377,,480387,,463511,,,,,,,,425216,454561,,,359888,610519,653558,,757790,,782690,808352,,920494,909331,934126,904527,898690,905616,,,
Algeria,DZA,"Enrolment in secondary education, both sexes (number)",SE.SEC.ENRL,,,,,,,,,,,,242335,299280,343393,384001,429684,509258,612229,741961,844291,933335,1028294,1154709,1297490,1452389,1611744,1823392,1975853,2082646,2111292,2162469,2175580,2232780,2305198,2412079,2472569,2544864,2618242,,2984927,2994258,3188826,3352340,3455930,3604785,3654232,3664852,3724095,3984536,4576166,4616226,4572513,,,,
East Asia & Pacific (developing only),EAP,"Enrolment in secondary education, both sexes (number)",SE.SEC.ENRL,,,,,,,,,,,29546204,36271780,41847972,47186084,46602888,49623116,59007772,73568184,84018824,83264640,78122568,75447928,69677504,67931736,68316784,71923160,75361560,79483736,80999488,79899976,77430304,78408192,80552432,82930800,84888200,90445768,97370240,103783288,109573992,114884944,119742184,125306920,130777296,137242272,142020464,143629984,145227712,148093984,147496512,147766976,147009232,145995040,144044224,143510128,,
East Asia & Pacific (all income levels),EAS,"Enrolment in secondary education, both sexes (number)",SE.SEC.ENRL,,,,,,,,,,,42193128,48825304,54639576,60348868,60139784,63540084,73364856,88355280,99204328,98846064,94051440,91979864,86573048,85222120,86117616,90271168,94327328,98790512,100303208,99118584,96346832,97068384,98755720,100773648,102804664,108305560,115122912,121356128,126647024,131629536,136213168,141347072,146553088,152826000,157354912,158911456,160135168,162988704,162380736,162682592,161850640,160767584,158826432,158177872,,
Europe & Central Asia (developing only),ECA,"Enrolment in secondary education, both sexes (number)",SE.SEC.ENRL,,,,,,,,,,,20895090,21334804,21761200,22121120,22319630,22464266,22451122,22459306,22396998,22265444,22346592,22366728,22606100,22966552,23405468,23911432,24450888,24708656,24964942,25208306,25296028,25298234,25072312,24931164,24792718,25155024,25071054,25280966,25180516,25910850,26443560,27555610,27947166,28407622,27641748,27069360,27062458,26797872,26181432,26008768,25895908,25785814,25124374,27476992,,
Europe & Central Asia (all income levels),ECS,"Enrolment in secondary education, both sexes (number)",SE.SEC.ENRL,,,,,,,,,,,75166664,75994696,77389592,78949120,80325000,80968944,81420072,81747712,81624296,81342552,81030240,80665832,80561552,80562128,80613352,81020752,81966384,82209800,82122064,81931240,81621384,81563856,81540432,83053936,84073320,84660032,84308656,84519360,83802168,84890456,85584320,86733520,86811472,86533528,83541360,82087128,80497296,78956984,77387328,76379824,76063256,74951376,73742664,78549336,,
Ecuador,ECU,"Enrolment in secondary education, both sexes (number)",SE.SEC.ENRL,,,,,,,,,,,,216727,239557,267422,299456,336702,383624,425765,461115,498165,540639,591969,634933,672575,655219,715082,730226,750018,771928,,792297,785844,811666,814359,,,806096,,866606,903569,917245,936406,966362,972777,996535,1053175,1103258,1141866,,,1478555,1487978,1530653,1834700,,
"Egypt, Arab Rep.",EGY,"Enrolment in secondary education, both sexes (number)",SE.SEC.ENRL,,,,,,,,,,,,1448242,1559189,1668435,1775449,1982752,2176362,2397265,2561268,2685306,2807158,2929168,3085465,3246625,3414756,3590986,3826601,4041602,4130812,4180754,5286776,5507257,5284174,5515092,6133308,6147263,6142651,6717162,7233000,7671031,8028170,8323597,8360316,8384065,8329822,,,,,6665801,6845748,7745940,7849734,8144505,,
Euro area,EMU,"Enrolment in secondary education, both sexes (number)",SE.SEC.ENRL,,,,,,,,,,,25541442,25888626,26720124,27814638,28878242,29557686,30356404,31122320,31598572,31981632,32183530,32193370,32074800,31882230,31543158,31258204,31351908,31037256,30505502,30046660,29575466,29493234,29707732,30462446,31283168,31189652,30511616,30167352,29158166,29028596,29034704,29156640,29208030,29149572,28401416,28590954,28426916,28133040,27997264,27760026,27843038,27751476,27588930,28057670,,
Eritrea,ERI,"Enrolment in secondary education, both sexes (number)",SE.SEC.ENRL,,,,,,,,,,,,,,,,,,,,,,,,,,,,,,,,,,60955,66524,72969,80182,89087,,115393,135209,142124,152723,161273,194124,216944,227786,218369,229079,240892,248082,256512,265600,268634,,
Spain,ESP,"Enrolment in secondary education, both sexes (number)",SE.SEC.ENRL,,,,,,,,,,,,2313272,2237893,2498587,2676845,2918126,3188619,3381677,3502459,3775195,3912777,3976747,4067568,4169047,4112760,4222836,4555541,4684739,4805155,4845905,4695375,4755322,4773349,4859965,4837802,4744829,4117052,3852102,3706935,3299469,3245950,3183282,3106777,3052662,3048188,3107816,3091036,3080161,3069321,3065017,3185008,3248018,3296129,3296359,,
Estonia,EST,"Enrolment in secondary education, both sexes (number)",SE.SEC.ENRL,,,,,,,,,,,,,,,,,,,,,,,,,,,126440,,,114049,138688,134463,132020,123920,122894,125052,112288,,115608,115885,116886,118980,123269,123074,124382,124493,120246,114108,106059,99562,95331,90717,85183,80840,,
Ethiopia,ETH,"Enrolment in secondary education, both sexes (number)",SE.SEC.ENRL,,,,,,,,,,,,135179,149303,169635,191704,,,,,,,,,,583783,,666169,752346,852250,882119,,866016,782412,720825,723009,756249,819242,,477940,1059753,1194701,1495445,1734131,1857817,2140751,2488465,2992589,3430129,3696385,3882551,4206700,4541623,4736263,,,
European Union,EUU,"Enrolment in secondary education, both sexes (number)",SE.SEC.ENRL,,,,,,,,,,,39532384,39919944,40777564,42058464,43393380,44091480,44775816,45575880,46017308,46455088,46777012,47069116,47194156,47175180,46928140,46723176,46911644,46616652,46050168,45595488,45170952,44828092,44852320,46375228,47254368,47065464,46406756,46056988,45006432,45108400,45255540,45512768,45686356,45582608,44236108,44379728,43560760,42931352,42617216,42140972,42089720,41205616,40618176,43129028,,
Fragile and conflict affected situations,FCS,"Enrolment in secondary education, both sexes (number)",SE.SEC.ENRL,,,,,,,,,,,4657655,4752502.5,4991461.5,5263796,5495285,5879552.5,6217580,6512737.5,6937772.5,7482212,7876023,8420692,8742464,9074974,9453582,9698741,9916151,10131792,10347886,10550130,10381887,10826075,11064551,11337187,11959103,12671373,13145732,13607474,14209037,14588177,15469031,16039809,16783990,18339340,19718352,20555528,21764868,22409214,23975028,25315250,26457442,27626610,28611662,28238178,,
Finland,FIN,"Enrolment in secondary education, both sexes (number)",SE.SEC.ENRL,,,,,,,,,,,,509691,521167,516954,516979,508205,419808,431090,437675,446041,447643,449322,446341,439471,441950,434507,424076,410807,406835,409414,418209,426864,446207,443831,455300,454707,460878,469933,,479882,494095,499882,501689,508063,425966,430596,432565,432607,431233,428332,426710,422872,415505,541021,,
Fiji,FJI,"Enrolment in secondary education, both sexes (number)",SE.SEC.ENRL,,,,,,,,,,,41780,45695,50348,53906,57622,60566,63293,65870,67328,68292,66985,65256,,65086,65149,63347,65236,67422,,,,84557,91123,,,,,,,98290,97840,96431,97696,99210,102023,,100243,99098,98561,97937,,100913,97254,,,
France,FRA,"Enrolment in secondary education, both sexes (number)",SE.SEC.ENRL,,,,,,,,,,,,4281446,4524381,4742060,5029242,4957483,4890152,4961775,4948694,4976489,5007508,5013666,5050028,5124403,5225994,5320621,5371593,5389806,5383946,5390489,5398599,5521862,5614894,5573582,5983059,6003797,5980518,5979690,,5955495,5928745,5876047,5851530,5859127,5826848,6036192,5993897,5940366,5899298,5861961,5873103,5888388,5920216,5913849,,
Faeroe Islands,FRO,"Enrolment in secondary education, both sexes (number)",SE.SEC.ENRL,,,,,,,,,,,,2776,,,,,,,,,,,,,,,,,,,,,,,,,,,,,,,,,,,,,,,,,,,,
"Micronesia, Fed. Sts.",FSM,"Enrolment in secondary education, both sexes (number)",SE.SEC.ENRL,,,,,,,,,,,,12289,13060,14024,14721,,15233,15071,,,,,,,,,,,,,,,,,,,,,,,,,,,13506,13634,,,,,,,,,,
Gabon,GAB,"Enrolment in secondary education, both sexes (number)",SE.SEC.ENRL,,,,,,,,,,,,9983,11461,14459,17544,20999,22542,23460,26342,26103,26750,29406,30222,32692,36160,39334,44124,44966,48274,47828,,,,,59442,65718,80552,84155,,86543,,100718,105191,,,,,,,,,,,,,
United Kingdom,GBR,"Enrolment in secondary education, both sexes (number)",SE.SEC.ENRL,,,,,,,,,,,,4149067,4279612,4424528,4829346,4990440,5154371,5285143,5344922,5380774,5360097,5341849,5329275,5296000,5173000,5024000,4877000,4688000,4508000,4365912,4284000,4335600,4433500,4868593,4938261,4986597,5000486,4975266,,5202387,5314730,5376980,5518839,5541262,5712635,5760887,5357793,5306369,5356450,5429636,5538230,5000332,4849275,6496973,,
Georgia,GEO,"Enrolment in secondary education, both sexes (number)",SE.SEC.ENRL,,,,,,,,,,,,,,,,,,,,,,687475,,,,,668884,,,,,567998,530751,466166,453502,437413,441557,444058,,442373,443643,448564,450787,452685,312333,316430,314427,321171,305388,341649,,,,292596,,
Ghana,GHA,"Enrolment in secondary education, both sexes (number)",SE.SEC.ENRL,,,,,,,,,,,,545414,,547486,534589,536660,555980,576979,592262,613710,659950,693159,695466,729565,753665,751192,779980,797528,862914,793388,829518,,,,,940948,,,,1024135,1056616,1029258,1107247,1170764,1276670,1370261,1454097,1617803,1723734,1836311,,2148266,2215529,2356686,2265692,
Guinea,GIN,"Enrolment in secondary education, both sexes (number)",SE.SEC.ENRL,,,,,,,,,,,,63409,,,,,,83020,91011,92404,97130,98305,93660,94848,97719,101121,92754,82088,,81325,78659,85942,,106811,116377,,132722,,160049,167608,,235210,276084,305717,344630,420057,482825,,530705,,,640245,657383,,,
"Gambia, The",GMB,"Enrolment in secondary education, both sexes (number)",SE.SEC.ENRL,,,,,,,,,,,,5042,5482,5791,5997,6162,6618,7456,7588,8101,8940,9657,10569,12424,14430,15913,15918,15978,16136,17310,18510,20400,21786,25929,27120,31567,32097,,,,,,,,,,,,116924,123022,124397,,,,,
Guinea-Bissau,GNB,"Enrolment in secondary education, both sexes (number)",SE.SEC.ENRL,,,,,,,,,,,,4215,4023,,,,2153,3177,3731,4290,4256,4757,6294,8432,9634,9384,,6450,5468,6330,,,,,,,,,,,25780,,,,,50507,55176,,,,,,,,,
Equatorial Guinea,GNQ,"Enrolment in secondary education, both sexes (number)",SE.SEC.ENRL,,,,,,,,,,,,6014,,,,,4523,,,,2729,,,4368,,,,,,,,,,17535,16616,,,,,20056,20705,19809,21173,,,25544,,,,,,,,,,
Greece,GRC,"Enrolment in secondary education, both sexes (number)",SE.SEC.ENRL,,,,,,,,,,,,520323,569319,593442,618417,635140,661796,677884,689784,697336,725263,740058,778024,753096,790368,802817,813534,835845,840020,847495,843732,851353,870235,843403,851294,842633,835158,817566,,770883,738744,743462,756839,713850,695838,715537,704515,682012,,,716601,692302,692957,,,
Grenada,GRD,"Enrolment in secondary education, both sexes (number)",SE.SEC.ENRL,,,,,,,,,,,,4081,5178,4773,4872,9910,10197,10088,10077,9797,9413,8626,8645,8578,9994,9694,9571,9669,9600,9319,9406,9776,9896,10213,,,,,,,,,14467,14860,13660,12549,,13060,12469,11031,11500,,,10027,,
Greenland,GRL,"Enrolment in secondary education, both sexes (number)",SE.SEC.ENRL,,,,,,,,,,,,,,,,,,,,,,,,,,,,,,,,,,,,,,,,,,,,,,,,,,,,,,,,
Guatemala,GTM,"Enrolment in secondary education, both sexes (number)",SE.SEC.ENRL,,,,,,,,,,,75474,65708,73506,75155,90462,99233,111228,119105,159040,168010,171903,181721,177948,185959,194484,204049,223473,,,,,294907,,334383,357878,372006,375528,384729,,434912,503884,547913,608420,,698561,754496,809131,864154,902796,982650,1082320,1113881,1139559,1159708,,
Guam,GUM,"Enrolment in secondary education, both sexes (number)",SE.SEC.ENRL,,,,,,,,,,,,10055,10602,11315,11873,12629,13242,13300,12000,14677,15308,14935,14759,13141,14063,14223,14557,14416,14595,16017,,,,,,,,,,,,,,,,,,,,,,,,,,
Guyana,GUY,"Enrolment in secondary education, both sexes (number)",SE.SEC.ENRL,,,,,,,,,,,,60412,65412,68092,67853,,71327,,,,,,,,67362,70731,76546,76012,,,,,,,,,,,,62478,,72028,,64954,,70615,,72970,74673,77945,80676,86540,85934,,,
High income,HIC,"Enrolment in secondary education, both sexes (number)",SE.SEC.ENRL,,,,,,,,,,,92804056,93649736,95705048,97756640,99657680,100747776,101848888,102683152,102896224,101356256,104121664,103723400,104079952,104029480,104509864,104676272,105771136,106101800,105545408,104816472,103966480,104170112,104715608,106714536,108777208,109462928,109901328,110236552,110465872,110980296,111406344,111879880,111812640,111888760,110058848,109609312,108024480,107092232,106481456,105509360,104956048,103968760,104284512,107045336,,
"Hong Kong SAR, China",HKG,"Enrolment in secondary education, both sexes (number)",SE.SEC.ENRL,,,,,,,,,,,,230879,250906,273988,301096,338400,368655,395621,424538,453546,463798,468975,464923,459611,453369,454061,450367,455738,458444,,,,,,,,473817,,,,,490039,488537,487218,492779,498354,500708,510284,513787,511872,508269,486817,486942,439093,,
Honduras,HND,"Enrolment in secondary education, both sexes (number)",SE.SEC.ENRL,,,,,,,,,,,39839,47345,52325,,66411,56705,63115,93330,109390,111534,127293,,147990,156665,164453,184112,179444,,,,,194083,,203192,,,,,,,,,,,,,524367,554297,566938,,655294,663115,659558,642654,,
Heavily indebted poor countries (HIPC),HPC,"Enrolment in secondary education, both sexes (number)",SE.SEC.ENRL,,,,,,,,,,,3353572.5,3459038.5,3663917.75,3853205,4013231,4330461.5,4639485.5,4989792.5,5355598,5767604,6239116,6731386,6945847,7313989.5,7688067,7884202.5,8080052,8321307.5,8752388,8856822,9089567,9468370,9654464,9864732,10409178,11026818,11466794,11964337,12684755,13441764,14328405,15456335,16617093,17766468,19279900,20858756,22766572,24776334,27207768,29511226,31910398,33810736,35629284,37029844,,
Croatia,HRV,"Enrolment in secondary education, both sexes (number)",SE.SEC.ENRL,,,,,,,,,,,,,,,,,,,,,,,,,,,,,,,,,,420705,435864,421233,417475,416829,416907,416388,410407,405164,401921,399845,,400123,395836,392952,391637,391437,388515,384008,380753,,,
Haiti,HTI,"Enrolment in secondary education, both sexes (number)",SE.SEC.ENRL,,,,,,,,,,,,,,,,,,,,84454,91247,99894,101519,120316,137513,,143758,,,,,,,,,,,,,,,,,,,,,,,,,,,,,
Hungary,HUN,"Enrolment in secondary education, both sexes (number)",SE.SEC.ENRL,,,,,,,,,,,,1053264,998489,957390,905470,875361,855662,848081,852820,873465,893541,917219,941953,958032,971755,998337,1042754,1076516,1107224,1126937,1139788,1137932,1114493,,1156874,1128911,1112149,1103907,,1006546,1001855,1007476,1013471,1029979,963242,960215,948856,937323,924414,913392,904848,882609,864391,890759,,
Indonesia,IDN,"Enrolment in secondary education, both sexes (number)",SE.SEC.ENRL,,,,,,,,,,,2459875,2640400,2783738,2965852,3189469,3570080,3833129,4084307,4467512,,,5721815,6320013,7222213,7445917,,9479086,10906515,11545063,11693361,11243323,10965430,10920580,10969305,11360349,12223753,13095913,14209974,,14502561,14720390,14828085,15140713,15872535,16353933,15993187,16797808,18716928,18314900,19520704,19975916,20777856,21445796,21924228,,
Isle of Man,IMN,"Enrolment in secondary education, both sexes (number)",SE.SEC.ENRL,,,,,,,,,,,,,,,,,,,,,,,,,,,,,,,,,,,,,,,,,,,,,,,,,,,,,,,,
India,IND,"Enrolment in secondary education, both sexes (number)",SE.SEC.ENRL,,,,,,,,,,,,21143698,21964372,22823568,,24494950,25196116,26265096,27178592,,30592436,32748396,35016992,37922992,40266884,,44484544,44873656,45879040,47021876,,,,62245636,64115976,65206356,66633720,68872392,,67089892,71030512,72392728,76215688,81050128,84569080,89461792,91529432,96049056,101783936,101110384,107686864,113727864,119148200,,,
Not classified,INX,"Enrolment in secondary education, both sexes (number)",SE.SEC.ENRL,,,,,,,,,,,,,,,,,,,,,,,,,,,,,,,,,,,,,,,,,,,,,,,,,,,,,,,,
Ireland,IRL,"Enrolment in secondary education, both sexes (number)",SE.SEC.ENRL,,,,,,,,,,,,208705,215359,229875,241767,256652,270956,281121,288110,292658,295592,300601,309600,316878,324409,332565,338256,341681,342791,341800,342364,345941,352408,381630,387813,390680,389374,389353,392074,346316,338247,328424,323043,320620,320560,317337,313479,316015,318382,326543,336464,331047,340829,,,
"Iran, Islamic Rep.",IRN,"Enrolment in secondary education, both sexes (number)",SE.SEC.ENRL,,,,,,,,,,,,1056787,1468340,1605769,1766906,1989567,2183137,2356878,,,,,,,,3107548,,,3861050,,4696606,5084832,5619057,6322988,7059037,7652829,,8776792,,9726948,9954767,9933471,9916372,9704392,9440807,9066410,8805028,8323213,8187132,7877610,7347083,7237005,7118357,,,
Iraq,IRQ,"Enrolment in secondary education, both sexes (number)",SE.SEC.ENRL,,,,,,,,,,,,313972,325115,364986,405006,479885,525255,593928,716822,845992,969987,1033418,1110655,1065588,1068224,1131521,1190833,1178761,1163694,1166859,,,,1144938,,,1160421,,,1105028,1224253,1257106,,1477616,1706234,,,2037509,,,,,,,,
Iceland,ISL,"Enrolment in secondary education, both sexes (number)",SE.SEC.ENRL,,,,,,,,,,,,23144,24105,,,25028,25853,26506,26251,26699,25457,26643,26769,26627,26803,27237,27559,28218,28037,28586,29059,29465,29985,30233,30163,30253,30463,,,32480,32133,32186,33486,34587,32700,33323,33900,34434,35075,35075,35623,35217,36127,,,
Israel,ISR,"Enrolment in secondary education, both sexes (number)",SE.SEC.ENRL,,,,,,,,,,,,,,276004,282145,285111,289282,294678,303575,312658,324725,334426,350994,369703,386892,404893,413395,431116,447393,462580,468620,488852,506892,515297,523338,533797,541737,,,629372,649597,657804,672920,671049,667835,673005,679666,684478,686777,693877,708340,719916,733102,751930,,
Italy,ITA,"Enrolment in secondary education, both sexes (number)",SE.SEC.ENRL,,,,,,,,,,,,3823556,4019028,4241657,4442157,4582780,4875179,5067343,5208725,5270298,5297087,5307989,5300387,5319934,5324722,5338731,5361579,5362202,5338012,5284637,5245132,5117897,5010467,4892194,4938465,4825719,4708406,4602243,,4450012,4404331,4473362,4515802,4528300,4505699,4507408,4531571,4553163,4575124,4575921,4626426,4630305,4572722,,,
Jamaica,JAM,"Enrolment in secondary education, both sexes (number)",SE.SEC.ENRL,,,,,,,,,,,,,,165614,158661,196605,216248,225741,,239759,255231,248001,238063,242389,237758,243575,237713,236391,247499,241000,,252070,,235071,,,,,,231177,228764,227703,228316,229701,245533,246332,,257186,262608,266933,260371,260325,,228935,,
Jordan,JOR,"Enrolment in secondary education, both sexes (number)",SE.SEC.ENRL,,,,,,,,,,,,97612,102359,112592,125928,143326,164186,185700,209742,231088,248643,266368,281192,295989,311402,332430,335835,345122,357475,366788,384279,409124,438901,458450,484588,,534491,,155008,579445,583535,,606615,613120,615731,625682,649242,670836,700342,,709712,719420,724356,,,
Japan,JPN,"Enrolment in secondary education, both sexes (number)",SE.SEC.ENRL,,,,,,,,,,,,8719908,8642922,8643419,8684531,8731393,8843511,8993333,9152766,9281837,9288159,9557563,9833282,10071175,10278607,10613444,11058133,11250252,11339836,11310029,11143930,11025720,10676866,10255337,10202510,9878568,9643000,,,8958699,8782114,8605812,8394050,8131217,7894456,7710439,7561241,7427059,7355678,7299966,7296330,7284867,7288434,,,
Kazakhstan,KAZ,"Enrolment in secondary education, both sexes (number)",SE.SEC.ENRL,,,,,,,,,,,,,,,,,,,,,,1996100,,,,,2173900,,,2202800,2186700,2144400,2115400,2064100,2019700,,,1921302,,1966471,1994493,,,,,,2102151,,,,,,1718429,1658826,,
Kenya,KEN,"Enrolment in secondary education, both sexes (number)",SE.SEC.ENRL,,,,,,,,,,,299881,324167,355842,381342,422242,468408,538962,572210,636200,683591,788005,800062,830553,902333,986034,1275375,1310594,1437622,1474280,,,,,,,,,,,1822161,1908703,1999415,2063409,2197336,2422419,2468483,2583755,2729040,3106919,3204379,,,3832562,,,
Kyrgyz Republic,KGZ,"Enrolment in secondary education, both sexes (number)",SE.SEC.ENRL,,,,,,,,,,,,,,,,,,,,,,631400,,,,,657300,,,656100,656400,651200,649600,635393,609922,606443,530854,,,633356,659451,683832,689036,739259,732618,721205,718585,713613,696833,678785,664201,683249,,635307,,
Cambodia,KHM,"Enrolment in secondary education, both sexes (number)",SE.SEC.ENRL,,,,,,,,,,,,86999,102222,,,,,,,,,,,,,,,,,,,264419,,,,,,,312934,316343,351357,396876,475637,560197,630102,,811797,875120,930200,,,,,,,
Kiribati,KIR,"Enrolment in secondary education, both sexes (number)",SE.SEC.ENRL,,,,,,,,,,,824,896,926,974,1055,1100,,1300,1646,2062,2440,1900,1896,1901,2074,2196,2306,2493,2601,2903,3003,3016,3357,,3699,3837,4341,,,6647,7486,9408,10334,11372,11581,11522,11420,11535,11583,,,,,,,
St. Kitts and Nevis,KNA,"Enrolment in secondary education, both sexes (number)",SE.SEC.ENRL,,,,,,,,,,,,,,,,,,,,,,,,,4060,4197,4197,4153,4272,4204,,,4396,4402,,,,,,,4768,4328,4240,4098,3903,3939,,4522,4396,4270,4309,4297,3673,4792,,
"Korea, Rep.",KOR,"Enrolment in secondary education, both sexes (number)",SE.SEC.ENRL,,,,,,,,,,,,1906918,2168559,2397804,2648254,2879948,3111510,3322010,3492091,3692809,3997316,4285889,4335025,4435000,4685353,4828026,4934975,5028026,4895354,4824097,4697277,4559557,4443751,4461857,4580040,4645849,4706541,4662492,4567366,4176780,3958702,3768040,3661759,3645617,3692513,3786224,3864005,3917400,3958781,3986079,3950500,3867987,,3782746,3720130,
Kosovo,KSV,"Enrolment in secondary education, both sexes (number)",SE.SEC.ENRL,,,,,,,,,,,,,,,,,,,,,,,,,,,,,,,,,,,,,,,,,,,,,,,,,,,,,,,,
Kuwait,KWT,"Enrolment in secondary education, both sexes (number)",SE.SEC.ENRL,,,,,,,,,,,,70734,78754,84935,90443,97689,108219,131589,143392,154982,167656,181882,196413,209592,220981,230913,239581,245697,256558,265001,271422,,167331,177675,187941,198661,206934,216223,225249,235106,239997,243757,,260695,267114,244432,236410,247233,249879,255101,263554,268827,274202,278581,,
Latin America & Caribbean (developing only),LAC,"Enrolment in secondary education, both sexes (number)",SE.SEC.ENRL,,,,,,,,,,,8455439,9169686,10633903,11825902,14439600,15725616,17500096,19075342,20063430,30758146,31676214,32392376,33258144,33976300,34726200,24582666,36283100,36992716,37699512,38389668,38985440,39546972,40449900,41250396,42250300,43258096,44404392,45328280,46575840,47236244,47822460,48409944,50250652,48819056,50127616,50536920,50697260,50611252,51396456,51950632,52447064,52596380,52537916,55051748,,
Lao PDR,LAO,"Enrolment in secondary education, both sexes (number)",SE.SEC.ENRL,,,,,,,,,,,,15453,18086,20819,,,,48669,64108,77289,82618,90435,,,105012,110714,113630,,135583,,137898,,125702,139819,155366,163657,169691,187867,,240267,264586,288389,320275,353362,379579,393856,395382,403833,412375,423514,434717,490290,515130,549735,,
Lebanon,LBN,"Enrolment in secondary education, both sexes (number)",SE.SEC.ENRL,,,,,,,,,,,,165854,,174711,,,,,257798,,268733,287310,289073,,,267970,,,,,,,285500,,301274,323422,336970,347850,,389181,400699,335237,349930,364541,374052,377890,381466,384162,384726,391087,383226,394453,384851,389354,,
Liberia,LBR,"Enrolment in secondary education, both sexes (number)",SE.SEC.ENRL,,,,,,,,,,,16771,18856,22624,,,34151,31224,,47446,53254,54623,,,,,,,,,,,,,,,,,,,113878,135509,,,,,,,,,,,237643,,,222857,
Libya,LBY,"Enrolment in secondary education, both sexes (number)",SE.SEC.ENRL,,,,,,,,,,,,53953,62618,80797,107233,129875,166122,200063,225286,258343,284826,296197,,340703,,,406332,,,,,,,,,,,,,,,,824538,797992,,701536,732614,,,,,,,,,
St. Lucia,LCA,"Enrolment in secondary education, both sexes (number)",SE.SEC.ENRL,,,,,,,,,,,,,3610,3782,4180,4579,4522,4528,4568,,5077,4485,5020,5182,5205,6212,6833,7013,,,7802,8230,9419,10356,,,,11753,,11847,12530,12738,12743,12987,12878,13597,14377,15146,16014,16234,16017,15608,14721,14055,,
Latin America & Caribbean (all income levels),LCN,"Enrolment in secondary education, both sexes (number)",SE.SEC.ENRL,,,,,,,,,,,11057513,11876407,13542394,14923326,17706482,19091130,21009606,22686678,23778230,34551924,35547272,36345948,37181848,38180736,39180024,29295530,41109340,41918924,42752948,43513008,44198760,45175656,46171516,46742004,47775388,48994256,50339644,51194472,53235808,54130396,55007664,55859172,57906980,56591888,58014688,58493292,58733848,58664088,59504420,60133012,60663900,60847504,61399756,64231000,,
Least developed countries: UN classification,LDC,"Enrolment in secondary education, both sexes (number)",SE.SEC.ENRL,,,,,,,,,,,6025088.5,6132566,6454354.5,6761613.5,6909787,7227719.5,7469369,7792429.5,8247887,8829659,9603169,9684015,10218014,10927900,11535399,11740711,11979184,12375287,12802321,13184220,13276100,14386200,15368649,16310716,17645246,19259048,20576050,21762334,23648234,25042642,26657824,28339718,30207398,31514192,32714676,34176532,36392908,38086404,40397080,43439120,46280320,48607012,51038592,52287292,,
Low income,LIC,"Enrolment in secondary education, both sexes (number)",SE.SEC.ENRL,,,,,,,,,,,2174472,2315335.5,2599302.75,2814397.5,2945329.25,3230908.25,3466719.5,3794102.75,4210774.5,4713921,5195762,5532733.5,5883333.5,6333699.5,6819118.5,7049164,7194722,7376059.5,7644444.5,7736494,7771553.5,8051032,8113204.5,8279457,8830909,9566249,10113812,10507310,11480524,11964112,12756708,13826366,15075062,16052741,17512770,19057058,20962972,22495692,24821562,26624014,28683732,30676186,32200330,33255218,,
Liechtenstein,LIE,"Enrolment in secondary education, both sexes (number)",SE.SEC.ENRL,,,,,,,,,,,,,,,,,,,,,,,,,,,,,,,,,,,,,,,,,,,,3255,3273,3142,3190,3169,3213,3142,3274,3298,3277,,,
Sri Lanka,LKA,"Enrolment in secondary education, both sexes (number)",SE.SEC.ENRL,,,,,,,,,,,941322,1017372,1123779,1145703,1132951,,1088089,,,,1267323,1293213,1315062,1367754,1421713,1462794,1526086,1898634,1961963,2024831,2081842,2106050,2185277,2246642,2315541,2314054,,,,,,,,,,,,,,,2524673,2573842,2590357,2605597,,
Lower middle income,LMC,"Enrolment in secondary education, both sexes (number)",SE.SEC.ENRL,,,,,,,,,,,48096452,49524668,51458624,53408816,55190376,57375752,59649672,62051060,64509520,67549168,71200152,74405448,78586312,84277808,88440864,92955264,96427904,99968112,102375304,104223408,109259520,114899280,120874264,126801416,131521056,135726992,139871632,145907824,147783120,149337488,156027216,159931840,166230624,174809344,180482896,185638944,190392000,197931632,204425184,207464624,217424016,226247392,234392064,235489248,,
Low & middle income,LMY,"Enrolment in secondary education, both sexes (number)",SE.SEC.ENRL,,,,,,,,,,,94174936,103080904,112653064,121393928,125270328,131864800,144901088,163534208,177697616,190591296,190194416,191640720,191081824,195528688,201658496,199460848,218262064,225777184,230683504,232672320,237312240,245264496,254441280,264061808,272253728,283013312,295050272,307855584,317356832,326043232,338702592,350475712,364831712,378242400,390159136,398372928,405925760,415234144,424239520,428865824,439917888,449403424,455928768,461491360,,
Lesotho,LSO,"Enrolment in secondary education, both sexes (number)",SE.SEC.ENRL,,,,,,,,,,,15317,8815,10006,13792,,16476,17795,18955,19512,23368,25292,28107,29608,33421,35444,37343,39478,43368,45951,47212,48209,48505,52598,55984,62399,67173,68132,72170,,73620,74313,79266,82256,84273,89864,94496,96073,101738,107322,115805,125823,130831,134543,,,
Lithuania,LTU,"Enrolment in secondary education, both sexes (number)",SE.SEC.ENRL,,,,,,,,,,,,,,,,,,,,,,,,,,,466166,,,426105,412663,396036,379162,356678,347434,351517,365351,378754,,406950,421120,433054,442830,447952,431303,423706,410507,393889,376683,358395,342905,325215,304753,294274,,
Luxembourg,LUX,"Enrolment in secondary education, both sexes (number)",SE.SEC.ENRL,,,,,,,,,,,,16430,16828,17362,17844,21934,22652,23314,24056,24181,24312,27487,27818,27806,27420,,25656,24871,22496,,,,20817,21989,23138,25607,27482,28796,29637,32513,32996,33606,34038,34716,35208,35946,37009,38209,39349,,42536,43177,44237,,,
Latvia,LVA,"Enrolment in secondary education, both sexes (number)",SE.SEC.ENRL,,,,,,,,,,,,,,,,,,,,,,279178,282231,284265,285884,288177,288315,288760,286433,283055,275122,264475,254196,246877,245130,243582,240112,239318,,255381,266498,274193,278230,276072,275586,271631,258432,195745,182805,158325,147375,136448,124802,126942,,
"Macao SAR, China",MAC,"Enrolment in secondary education, both sexes (number)",SE.SEC.ENRL,,,,,,,,,,,,10007,9606,10279,10671,9498,11758,14305,13150,15268,,,,,,,,,,,16687,,18978,20383,,,,,,31859,35367,38943,42017,44425,46509,46539,46393,45410,41271,39328,38222,37224,35726,33921,,
St. Martin (French part),MAF,"Enrolment in secondary education, both sexes (number)",SE.SEC.ENRL,,,,,,,,,,,,,,,,,,,,,,,,,,,,,,,,,,,,,,,,,,,,,,,,,,,,,,,,
Morocco,MAR,"Enrolment in secondary education, both sexes (number)",SE.SEC.ENRL,,,,,,,,,,,,298880,313424,335190,361725,403673,486173,529027,589610,662034,726595,797110,888123,968327,1046136,1130185,1248702,1331971,1415530,1418812,1450112,1194377,1235527,1274982,1338508,1375703,1412316,1442049,1443407,1469794,1541100,1608279,1685063,1758057,1879483,1948006,2061046,2171687,2241514,2330649,2393275,2478987,2554050,,,
Monaco,MCO,"Enrolment in secondary education, both sexes (number)",SE.SEC.ENRL,,,,,,,,,,,,2445,2547,,,,,,2825,,,,,3132,,,,,,,,2785,2858,,2835,2861,2907,2886,,2883,2929,2971,,,3078,,,,3015,3017,2999,3060,3024,3042,,
Moldova,MDA,"Enrolment in secondary education, both sexes (number)",SE.SEC.ENRL,,,,,,,,,,,,,,,,,,,,,,,,,,,,,,,470068,459701,448404,441955,444422,441573,440622,445501,,415319,413910,413418,413916,410590,406716,394469,381543,367636,347202,328418,307619,289402,274365,260185,,
Madagascar,MDG,"Enrolment in secondary education, both sexes (number)",SE.SEC.ENRL,,,,,,,,,,,,113270,114487,,123654,,,,,175760,233578,,,,530021,,,,366455,345302,348922,,,,,,,,356555,,,,,,,621173,726998,833568,945245,1022464,,1313804,1405063,1456517,,
Maldives,MDV,"Enrolment in secondary education, both sexes (number)",SE.SEC.ENRL,,,,,,,,,,,327,336,,,,,,,,,998,1217,1870,2756,,,,,,,,,,,21409,23889,26701,32463,36905,14988,20010,24607,25365,28612,28878,,,,,,,,,,,
Middle East & North Africa (all income levels),MEA,"Enrolment in secondary education, both sexes (number)",SE.SEC.ENRL,,,,,,,,,,,5049146,5225707,5934596,6398410,6913256.5,7640264,8407861,9192509,10245983,10891278,11508472,12084595,12815931,13470463,14195533,15012589,16107618,17004038,17765690,18477828,20279642,20833576,21463764,22868500,24819754,25975018,27099260,28688364,30264724,31683002,32809152,33673092,34427204,35765368,36392188,36302512,36233640,35953804,36274600,36361836,36293540,37413196,37592424,35822668,,
Mexico,MEX,"Enrolment in secondary education, both sexes (number)",SE.SEC.ENRL,,,,,,,,,,,,1584342,1757018,2017093,2289850,2554041,2938972,3263507,3502830,3914251,4285016,4741850,5332131,5716238,6064264,6247856,6549105,6702732,6806073,6865763,6795244,6704297,6704188,6782886,6977086,7264620,7589414,7914165,,8721726,9094103,9357144,9692976,10188185,10403853,10564404,10883455,11122276,11444055,11474843,11681530,11836424,12139246,12467278,,
Marshall Islands,MHL,"Enrolment in secondary education, both sexes (number)",SE.SEC.ENRL,,,,,,,,,,,,,,,,,,,,,,,,,,,,,,,,,,,,,,,,5957,,,6353,5781,5846,5260,5369,5369,5358,5229,,,,,,
Middle income,MIC,"Enrolment in secondary education, both sexes (number)",SE.SEC.ENRL,,,,,,,,,,,92000464,100765568,110053768,118579528,122324992,128633888,141434368,159740096,173486848,185877376,184998656,186108000,185198496,189194976,194839376,192411680,211067344,218401136,223039056,224935824,229540688,237213456,246328064,255782352,263422832,273447072,284936448,297348288,305876288,314079136,325945888,336649344,349756640,362189664,372646368,379315872,384962784,392738464,399417984,402241792,411234176,418727232,423728416,428236128,,
"Macedonia, FYR",MKD,"Enrolment in secondary education, both sexes (number)",SE.SEC.ENRL,,,,,,,,,,,,,,,,,,,,,,,,,,,,,,,,,,200661,201498,205202,209190,211619,84644,218666,221961,222081,218834,218649,215760,214005,,208364,203853,199064,196991,,186149,,,
Mali,MLI,"Enrolment in secondary education, both sexes (number)",SE.SEC.ENRL,,,,,,,,,,,,34620,35847,39439,42928,49034,55444,61999,70709,78086,78707,64124,75819,70453,73218,67841,,63768,66431,75213,76501,84220,98737,102781,120912,139777,151554,168898,188109,217700,257833,,,349615,388418,429716,474976,533849,612012,686071,758285,821160,,882380,,
Malta,MLT,"Enrolment in secondary education, both sexes (number)",SE.SEC.ENRL,,,,,,,,,,,,24388,28137,28231,28434,31736,32409,30285,28921,27302,27673,25501,26700,27257,27901,27899,27779,27858,28806,30210,31837,32544,34358,34619,34955,35527,35044,35451,,35457,36074,36158,36236,36978,41353,40129,38335,38499,37774,,37163,32227,31768,,,
Myanmar,MMR,"Enrolment in secondary education, both sexes (number)",SE.SEC.ENRL,,,,,,,,,,,,791059,823720,871880,,,933486,896312,895058,968900,996200,1066300,1163970,1223623,1236577,1243688,1273073,1335773,1347956,1430199,1138961,1281165,1408030,1439735,1530378,1752510,,,,2059007,2268402,2301919,2372593,2382608,2544437,2589312,2696307,2686198,2828868,2812866,2852447,,,,,
Middle East & North Africa (developing only),MNA,"Enrolment in secondary education, both sexes (number)",SE.SEC.ENRL,,,,,,,,,,,4467587.5,4629154,5314201,5758209.5,6248043,6945569,7676998,8416393,9429178,10033030,10573511,11068984,11696217,12238727,12858278,13561905,14549906,15332928,15990005,16608633,18324998,18807374,19340526,20559772,22304682,23234588,24132988,25540180,26989178,28310260,29345920,30107524,30687586,31814004,32260148,32021484,31812070,31392342,31388170,31540326,31403934,32468544,32464714,30524184,,
Montenegro,MNE,"Enrolment in secondary education, both sexes (number)",SE.SEC.ENRL,,,,,,,,,,,,,,,,,,,,,,,,,,,,,,,,,,,,,,,,,,,,69627,68807,68471,68218,67683,67015,68135,69619,64164,63013,,,
Mongolia,MNG,"Enrolment in secondary education, both sexes (number)",SE.SEC.ENRL,,,,,,,,,,,,96571,102668,147505,158585,173111,184688,,,224041,237190,248169,,256700,,,285862,,,,312494,301131,275061,242191,239661,229769,235798,195408,,205229,225848,258265,282089,312774,333193,339249,329264,,,305791,275983,,,,,
Northern Mariana Islands,MNP,"Enrolment in secondary education, both sexes (number)",SE.SEC.ENRL,,,,,,,,,,,,,,,,,,,,,,,,,,,,,,,,,,,,,,,,,,,,,,,,,,,,,,,,
Mozambique,MOZ,"Enrolment in secondary education, both sexes (number)",SE.SEC.ENRL,,,,,,,,,,,,42868,46128,54650,,,,46656,57300,78092,105263,102745,107849,121033,,151888,155353,116928,,,160177,162486,159202,163747,169520,185181,,,,103147,123810,142553,180531,,243428,305877,367962,443974,512266,598424,671902,716289,727895,758174,,
Mauritania,MRT,"Enrolment in secondary education, both sexes (number)",SE.SEC.ENRL,,,,,,,,,,,,,4565,,,,,,,,,22102,,,,,35955,37937,39341,39154,37325,37653,39821,43034,45810,49008,51765,52499,58411,61711,65606,76658,78730,84407,88926,92796,98946,,97213,106491,110206,124421,151531,171265,,
Mauritius,MUS,"Enrolment in secondary education, both sexes (number)",SE.SEC.ENRL,,,,,,,,,,,,48468,53657,57406,62015,65113,69061,79961,81700,83252,81926,79534,77779,77838,74795,72551,70681,71922,74717,78776,79229,,86024,,,,95932,97405,,104070,105432,107846,111766,118234,122556,129438,128925,130463,129257,128680,127002,126864,127123,,,
Malawi,MWI,"Enrolment in secondary education, both sexes (number)",SE.SEC.ENRL,,,,,,,,,,,,,65634,71134,70050,80752,85974,97119,106026,111447,130975,138498,149532,153679,163391,168137,174752,187746,194387,199043,212075,222225,257558,245096,218707,322999,343314,,,556322,486786,518251,517690,,505303,516462,565467,574003,636416,666679,692157,736364,761366,853210,,
Malaysia,MYS,"Enrolment in secondary education, both sexes (number)",SE.SEC.ENRL,,,,,,,,,,,609376,655265,701563,,853592,933411,975288,988914,1038049,1075880,1083818,1135143,1141387,1217308,1272930,1294990,1381495,1452924,1452966,1468828,1456497,1511084,1566790,1572837,1613182,1651684,1736414,1794515,2050000,2176863,2205426,2246874,2300062,2518642,2583993,2489117,2516116,2499165,2537203,2546102,2615717,2627704,2757435,,,
North America,NAC,"Enrolment in secondary education, both sexes (number)",SE.SEC.ENRL,,,,,,,,,,,22693548,23124412,23747636,24019768,24174580,24257432,24274686,24212264,23943676,22037444,24694632,23913224,24173966,23694866,23695422,23038962,22888102,22677314,22234976,21861020,21534340,21566008,22174422,22921932,23514084,23595334,23982218,24382950,24808736,24960838,25117172,25619190,25747600,26424022,26773478,27038616,27189268,27392828,27365470,27186924,26808824,26802412,26861292,26794742,,
Namibia,NAM,"Enrolment in secondary education, both sexes (number)",SE.SEC.ENRL,,,,,,,,,,,,,,,,,,,,,,,,,,,49571,51420,56355,59146,62399,73409,84581,92725,101974,103308,104613,108846,115237,116131,124196,135943,138099,140976,144289,148104,151805,158162,,,,,,,,
New Caledonia,NCL,"Enrolment in secondary education, both sexes (number)",SE.SEC.ENRL,,,,,,,,,,,5132,5238,6080,6563,7240,7960,8862,9993,10671,11675,11945,13523,15477,16854,17745,18351,18889,19417,19663,20151,20673,21908,,,,,,25560,,,,,,,,,,,,,,,,,,
Niger,NER,"Enrolment in secondary education, both sexes (number)",SE.SEC.ENRL,,,,,,,,,,,,6999,7975,9253,11108,12333,14462,18098,22290,27196,32687,38861,44788,45094,47188,,,,58489,65816,68352,76758,76916,80009,,,92608,97675,98978,104933,106182,108033,112033,126137,158343,181641,216961,217378,234029,256555,306675,342391,388641,467650,,
Nigeria,NGA,"Enrolment in secondary education, both sexes (number)",SE.SEC.ENRL,,,,,,,,,,,356565,395575,451042,516658,,,,745717,904931,1131112,1451242,1864713,2345604,2880280,3393186,3561207,2988174,3088711,,2956376,3125192,,,,,,,,,3844585,4104345,4601105,5124270,,6279562,6397581,6436449,6068160,6888700,7827318,9056768,,,,,
Nicaragua,NIC,"Enrolment in secondary education, both sexes (number)",SE.SEC.ENRL,,,,,,,,,,,51383,54690,61084,63177,71044,80202,89823,105429,98874,110726,139743,,136629,157076,143162,128499,137333,154190,159015,161212,184101,221237,228360,238399,249091,265515,,,334500,321493,333210,353724,382951,,416405,437853,448258,470520,462198,,465201,,,,,
Netherlands,NLD,"Enrolment in secondary education, both sexes (number)",SE.SEC.ENRL,,,,,,,,,,,,1006327,1062671,1110997,1167463,1210259,1283585,1330981,1361333,1367340,1383602,1391485,1412714,1440242,1466956,1445991,1620011,1589013,1528933,1474792,1436601,1401739,1377768,1369507,1536153,1508772,1479682,1415712,,1364806,1379253,1402928,1397939,1415170,1396696,1410547,1423262,1444057,1460503,1462461,1474983,1538898,1550175,1555002,,
High income: nonOECD,NOC,"Enrolment in secondary education, both sexes (number)",SE.SEC.ENRL,,,,,,,,,,,20748894,20817016,21037302,21208616,21214088,21079368,20885210,20485730,20062246,19588062,19172564,18878036,18713770,18943490,19325380,19888982,20415610,20913826,21329868,21523088,21761052,21893072,21962358,22085748,22402010,23164186,23872818,24273218,25522038,26058366,26389488,26519946,26375362,25985122,25284456,24336920,23644678,23042444,22700136,22245036,22051404,21927230,22687030,22884362,,
Norway,NOR,"Enrolment in secondary education, both sexes (number)",SE.SEC.ENRL,,,,,,,,,,,,302792,307565,331612,330350,331149,326640,330163,334392,346158,355567,360776,368624,381603,383499,388459,387990,378871,370087,365938,375095,370779,367395,380916,408418,370925,364343,368074,,377640,371659,369943,373015,385009,400159,403026,412311,419698,423598,425141,435085,437010,432546,442563,,
Nepal,NPL,"Enrolment in secondary education, both sexes (number)",SE.SEC.ENRL,,,,,,,,,,,,,222867,250868,258365,281816,262748,308797,370231,449038,512434,313895,370082,418085,455401,496921,540049,579517,612943,664016,708663,773808,855137,910114,944509,1016443,1121335,,,1265458,1348212,1501503,1690198,1822063,,2054165,1983561,1998990,2305166,2365251,2675217,2830263,3014587,3088755,3140613,
New Zealand,NZL,"Enrolment in secondary education, both sexes (number)",SE.SEC.ENRL,,,,,,,,,,,303835,313107,323850,333352,341506,354107,362430,360444,,356442,352427,350895,351034,360411,359331,354080,348210,343830,343587,341249,340915,345338,350112,376947,404563,420070,430526,433347,432911,436901,443882,456155,482959,503706,503241,526152,522326,526974,514563,542798,512195,508362,501466,492648.125,,
High income: OECD,OEC,"Enrolment in secondary education, both sexes (number)",SE.SEC.ENRL,,,,,,,,,,,72055160,72832720,74667744,76548024,78443592,79668408,80963680,82197416,82833984,81768200,84949104,84845360,85366184,85085984,85184488,84787288,85355520,85187976,84215536,83293384,82205432,82277040,82753256,84628792,86375192,86298744,86028512,85963336,84943840,84921928,85016856,85359936,85437280,85903640,84774392,85272392,84379800,84049792,83781328,83264328,82904648,82041536,81597480,84160976,,
OECD members,OED,"Enrolment in secondary education, both sexes (number)",SE.SEC.ENRL,,,,,,,,,,,74867432,75725840,77854416,80054872,82250320,83852136,85648808,87348448,88365288,87757248,91459648,91805120,93008424,93195704,93789384,93765864,94832320,94979192,94309920,93671280,92621656,92789480,93444864,95711488,97828368,98288912,98369056,98638392,98498376,99166592,99769288,101136352,101866640,102942856,101763808,102181848,101895144,101995016,101934352,101840128,102116816,101843576,101494608,107190864,,
Oman,OMN,"Enrolment in secondary education, both sexes (number)",SE.SEC.ENRL,,,,,,,,,,,,0,0,194,419,723,1379,2579,5647,8534,11978,16776,21226,28221,33913,41580,47305,54044,61287,71015,85264,101567,119244,140201,162363,179514,194904,205046,217246,229031,242533,254496,266923,279302,,301568,308508,316019,317816,321670,,301073,300067,292814,,
Other small states,OSS,"Enrolment in secondary education, both sexes (number)",SE.SEC.ENRL,,,,,,,,,,,263018.8125,262447.4375,275648,291599.0938,304074.5938,315611.0625,324762.9063,346955.7813,360387.625,373703.4375,382987.9063,395874.9063,406037.5938,424794.5938,445324.8125,463700.375,483570.7813,501690.625,524954.875,552302.5625,577163.6875,621174.375,652616.875,689042.1875,721739.875,776022.9375,828704.125,883918.9375,905734.75,945056.5625,991526.1875,1042769.75,1090069.125,1139082.5,1201866.875,1252282.875,1300125.375,1341875.5,1379385.5,1428599.75,1467887.75,1497919.875,1525529.5,1541593.875,,
Pakistan,PAK,"Enrolment in secondary education, both sexes (number)",SE.SEC.ENRL,,,,,,,,,,,,1462644,1522177,1629535,1721393,1879538,1935849,2009469,2075725,1974531,2095792,2165832,2253298,2433227,2615156,2811530,2923188,3070965,3216247,3441193,3665079,4345464,5022416,,,,,,,,,,,5734294,6449481,6852316,8421015,9145084,9339991,9432977,9654940,9939407,10371759,10794350,,
Panama,PAN,"Enrolment in secondary education, both sexes (number)",SE.SEC.ENRL,,,,,,,,,,,78466,86795,98836,111929,123060,133181,144191,154423,164474,170417,171273,174078,174791,176441,181774,184536,187312,189771,190166,189566,195903,198138,201047,206509,208775,216210,221022,,,230034,234153,244097,251228,,253900,256224,257378,260694,266760,274809,283787,285846,349385,310391,,
Peru,PER,"Enrolment in secondary education, both sexes (number)",SE.SEC.ENRL,,,,,,,,,,,546183,592568,646453,700349,747560,813489,890106,969129,1095085,1151748,1203116,1226130,1249293,1321667,1374770,1427261,1474141,1525039,1578081,1651800,1697943,1710715,1703997,1719854,1833783,1862728,1930917,1963401,,2277813,2374178,2484775,2539682,2347247,2446041,2469618,2539939,2603890,2609081,2659945,2674593,2671275,2611168,2731762,,
Philippines,PHL,"Enrolment in secondary education, both sexes (number)",SE.SEC.ENRL,,,,,,,,,,,,1719386,1800684,1875012,1958048,2112176,2291707,2508519,2696460,2820469,2917912,2928525,2935732,3092128,3204551,3323512,3214159,3420921,3494460,3737104,3961639,4033597,4208151,4421649,4590037,4772647,4809863,4888246,4979795,5117459,,5386434,5816699,6069063,6308792,6352482,6301582,6365985,6509273,6766952,,,,7220389,,
Palau,PLW,"Enrolment in secondary education, both sexes (number)",SE.SEC.ENRL,,,,,,,,,,,,,,,,,,,,,,,,,,,,,,,,,,,,,,,,2177,1901,,,2271,2273,2382,2494,2448,,,,,,1672,1604,
Papua New Guinea,PNG,"Enrolment in secondary education, both sexes (number)",SE.SEC.ENRL,,,,,,,,,,,24365,26273,30812,33774,35868,41391,43004,43246,42950,45041,,49334,50353,,55731,,58226,63391,65582,67007,65643,68506,69596,77665,83252,78759,,,,,,,,,,,,,,,,,378365,,,
Poland,POL,"Enrolment in secondary education, both sexes (number)",SE.SEC.ENRL,,,,,,,,,,,,3130405,3205757,3214457,3204481,3179666,3093668,3004349,2902489,2801131,2712186,2651041,2554516,2480325,2489165,2546618,2597331,2688295,2809898,2917300,3042754,3119640,3206604,3555919,3665439,3641860,3706526,3882203,2604805,3984047,3988001,3973962,3949993,3895167,3480054,3444903,3316939,3205849,3085019,2958193,2841629,2726279,2611081,2777727,,
Puerto Rico,PRI,"Enrolment in secondary education, both sexes (number)",SE.SEC.ENRL,,,,,,,,,,,,274139,281258,289700,301700,303500,299000,294500,,,,,201015,,,,,,,,,,,,,,,,,,,,,,,,,,,301186,290991,271651,269673,269351.5,,
"Korea, Dem. Rep.",PRK,"Enrolment in secondary education, both sexes (number)",SE.SEC.ENRL,,,,,,,,,,,,,,,,,,,,,,,,,,,,,,,,,,,,,,,,,,,,,,,,,,,,,,,,
Portugal,PRT,"Enrolment in secondary education, both sexes (number)",SE.SEC.ENRL,,,,,,,,,,,,291864,314013,343960,374128,415648,466491,482593,499557,438474,462278,,,,,,580248,658120,578462,586600,600141,670035,759639,898483,938653,945077,947478,,,847129,831193,813172,797065,766172,665213,669529,661748,680338,691701,709519,720688,725804,734003,798925,,
Paraguay,PRY,"Enrolment in secondary education, both sexes (number)",SE.SEC.ENRL,,,,,,,,,,,55777,58130,62552,66746,71600,75424,81915,92437,101126,110095,118828,126498,137146,143786,150566,150736,150207,149676,152727,155434,163734,169167,192775,214272,240906,267485,293651,327775,,425214,459260,497935,519930,510881,526001,529309,529329,532103,543056,549482,560866,579734,631003,,,
Pacific island small states,PSS,"Enrolment in secondary education, both sexes (number)",SE.SEC.ENRL,,,,,,,,,,,87302.5625,92297.53125,98193.66406,103739.6406,111100.9297,117087.7188,122441.9609,127428.5156,130620.1172,134302.5938,136933.5,137400.375,141029.6719,141710.6563,142691.7344,140149.0313,140531.1406,142620.7656,143633.5625,145099.6406,146711.8438,160530.4844,168455.1563,172746.25,176442.1094,180444.2031,182651.3438,185275.9844,188447.9063,192583.8594,190664.8594,194461.9531,203246.0938,207550.6563,210090.8125,209132.9531,215218.4375,216834.375,221637.9688,226642.1094,235239.4531,236395.3594,235176.9375,236444.5,,
French Polynesia,PYF,"Enrolment in secondary education, both sexes (number)",SE.SEC.ENRL,,,,,,,,,,,,6492,7542,7751,8126,8868,9035,9668,10265,11162,12012,12658,13306,15492,15747,17052,17180,17878,18160,18848,19655,20311,21320,22366,,,,,,,,,,,,,,,,,,,,,,
Qatar,QAT,"Enrolment in secondary education, both sexes (number)",SE.SEC.ENRL,,,,,,,,,,,,4095,4983,6091,6954,7811,10109,10347,11469,12911,14360,15901,17158,18864,19607,20979,22574,22444,24712,26659,28685,30031,31120,35013,36292,37635,38594,,42438,44403,47413,46931,49042,51888,53953,55705,58787,61110,66084,66584,68924,72754,76841,79006,,
Romania,ROU,"Enrolment in secondary education, both sexes (number)",SE.SEC.ENRL,,,,,,,,,,,,2138552,2093672,2123652,2086422,,,,,,,,,,,,,,,3125177,3165275,2837948,2606305,2451624,2336322,2252053,2222655,2212090,,2218025,2225691,2248802,2254849,2218124,2154734,2089646,2013016,1954077,1934151,1861830,1821782,1777771,1714307,,,
Russian Federation,RUS,"Enrolment in secondary education, both sexes (number)",SE.SEC.ENRL,,,,,,,,,,,,16832000,,,,,15928000,,,,,13297695,,,,,13662298,13987000,14212000,14233000,14273000,14229680,14154465,14079246,14166000,14528000,14883500,15207000,,15862637,,,,14521818,13558904,12433155,11548337,10797816,10087007,9613548,,9206247,9165252,9092027,,
Rwanda,RWA,"Enrolment in secondary education, both sexes (number)",SE.SEC.ENRL,,,,,,,,,,,,13752,,,,,19936,21890,23903,25601,72216,110314,118877,132998,140478,156347,162031,169355,176217,193154,195709,200628,171866,,,,,,,105292,129620,141163,157289,179153,203551,218517,239629,266518,288036,346518,425587,486442,534712,581962,,
South Asia,SAS,"Enrolment in secondary education, both sexes (number)",SE.SEC.ENRL,,,,,,,,,,,25399946,26093990,27203402,28282366,29163788,30161526,30873406,32177748,33338626,35120668,37424652,39267136,41787924,45298164,48078628,50473916,52812380,53907380,55234772,56782588,60888452,66161216,71522320,76389072,79304256,81281136,83639512,86647560,86886520,86725888,91226656,93129624,97506016,102521008,106371864,111616352,115695328,121198016,127437864,128107592,136006080,142911744,149819184,150919264,,
Saudi Arabia,SAU,"Enrolment in secondary education, both sexes (number)",SE.SEC.ENRL,,,,,,,,,,,,,,,,,,,,296340,,,,,,,,,,,,,,,,,,,,,,,,,,2609567,,2826049,,3043701,,,,3400243,3419441,
Sudan,SDN,"Enrolment in secondary education, both sexes (number)",SE.SEC.ENRL,,,,,,,,,,,,,,,,,,,,,,,,,,,,,,,,,,,,,,,,,,1087137,1107297,1176361,1316023,1344324,1318122,1327933,1442104,1636033,1687356,1530820,1723688,,,
Senegal,SEN,"Enrolment in secondary education, both sexes (number)",SE.SEC.ENRL,,,,,,,,,,,,59401,65573,,,,,,85974,83711,87755,95604,103821,109937,113561,121496,130338,137353,146310,162341,173044,,191431,,,,208786,211558,216066,234189,249547,260738,289263,,360016,405899,447425,,582101,,725208,833974,,,,
Singapore,SGP,"Enrolment in secondary education, both sexes (number)",SE.SEC.ENRL,,,,,,,,,,,149143,155719,,178538,178673,183364,189743,187034,187713,188534,187532,191480,193206,199475,203936,211489,226526,230206,231359,229420,220561,214584,210304,205683,210473,213138,,,,,,,,,,,,232100,231144,232003,,,,,,
Solomon Islands,SLB,"Enrolment in secondary education, both sexes (number)",SE.SEC.ENRL,,,,,,,,,,,1400,1720,1943,2310,,2014,2725,3179,3468,3654,4030,5004,5542,5837,,,6615,,,,5636,6363,6666,7351,7811,,,,,16576,13527,16480,21700,,,22487,26345,27332,,,39706,40124,41660,,,
Sierra Leone,SLE,"Enrolment in secondary education, both sexes (number)",SE.SEC.ENRL,,,,,,,,,,,,34646,37550,41787,45210,47861,50478,53913,56480,60157,59719,68199,,,92706,101056,94717,,112787,100026,101726,102474,,,,,,,,,,155567,,,,,,,,,,352732,400800,417307,,
El Salvador,SLV,"Enrolment in secondary education, both sexes (number)",SE.SEC.ENRL,,,,,,,,,,,88307,88635,106465,127381,154138,170576,187682,197732,213272,229751,211302,,,232494,238320,,,,277683,277980,,285452,304735,326237,,,,,,405998,420959,435571,461215,488515,520332,524202,529057,536017,539277,555645,577111,597823,611515,611575,,
San Marino,SMR,"Enrolment in secondary education, both sexes (number)",SE.SEC.ENRL,,,,,,,,,,,,901,988,1087,1115,1140,1211,1221,1209,1197,1228,1219,1354,1317,1266,1260,1248,1222,1207,1193,1204,1182,1158,1159,1157,,1199,1192,,,988,,,,,,,,2223,2286,2334,2368,2407,,,
Somalia,SOM,"Enrolment in secondary education, both sexes (number)",SE.SEC.ENRL,,,,,,,,,,,,14759,16856,19638,22896,,31857,12389,12869,18416,22691,103150,102428,100396,100199,94275,88471,,,,,,,,,,,,,,,,,,,,,86929,,,,,,,,
Serbia,SRB,"Enrolment in secondary education, both sexes (number)",SE.SEC.ENRL,,,,,,,,,,,,,,,,,,,,,,,,,,,,,,,,,,,,,,,,744139,713167,691098,671980,657945,640948,632338,622809,615135,608456,603834,590830,575948,565869,557425,,
Sub-Saharan Africa (developing only),SSA,"Enrolment in secondary education, both sexes (number)",SE.SEC.ENRL,,,,,,,,,,,5410664.5,5581489,5892389.5,6220244,6496376,6944706.5,7391696,7837234,8450558,9149377,10050880,11097577,12055943,13117207,14273130,15007774,14804234,15351773,15794782,15783151,16387024,17042502,17503782,18000600,18713574,19638712,20432084,21275326,22150768,22975052,24121832,25966074,27663000,29438438,31737306,33498822,35430928,37140680,40339088,43491516,47155672,49645892,51938348,54009040,,
South Sudan,SSD,"Enrolment in secondary education, both sexes (number)",SE.SEC.ENRL,,,,,,,,,,,,,,,,,,,,,,,,,,,,,,,,,,,,,,,,,,,,,,,,,,,,,,,,
Sub-Saharan Africa (all income levels),SSF,"Enrolment in secondary education, both sexes (number)",SE.SEC.ENRL,,,,,,,,,,,5419038.5,5590125,5900921.5,6228708.5,6505116.5,6953199.5,7399491,7845167,8458708,9157629,10059372,11107524,12067515,13129683,14287789,15024208,14822050,15371019,15815254,15804522,16409316,17065902,17528704,18027246,18739470,19664914,20459390,21303314,22177714,23003426,24150816,25993900,27692000,29469348,31769506,33532868,35465700,37171956,40370584,43523384,47187708,49678364,51971512,54041808,,
Small states,SST,"Enrolment in secondary education, both sexes (number)",SE.SEC.ENRL,,,,,,,,,,,716108,725568.25,765917.3125,802324,826664.625,901779.5625,946608.125,991174.5,1023328.625,1051592.125,1083280.25,1074601,1085987.25,1107680.875,1127732.125,1156185.75,1184038.875,1205954,1237268.375,1255118.75,1285117.875,1348672.875,1385591.75,1417623.5,1472239.625,1553636.375,1635707.875,1711478.875,1658488.375,1712988.5,1763492.625,1825167.75,1879578.25,1927761.25,2007300.125,2062085.25,2120405.25,2172329,2220049,2275804,2320675.75,2358784,2364136.25,2364162.75,,
Sao Tome and Principe,STP,"Enrolment in secondary education, both sexes (number)",SE.SEC.ENRL,,,,,,,,,,,,1669,1901,,,,4010,3829,,,,3815,4878,6303,6605,,,5255,6452,,,,,,,,,,,,,,,6753,7423,8091,,8997,8518,9726,10097,11884,14061,16118,,
Suriname,SUR,"Enrolment in secondary education, both sexes (number)",SE.SEC.ENRL,,,,,,,,,,,,23504,23718,26405,27754,29532,30603,32247,34121,34372,35742,24027,30057,29905,29843,34608,37630,35878,34951,34248,33289,33561,35535,30016,,,,,,,,41874,42253,,,45818,46725,47235,48134,47221,,55431,,51801,,
Slovak Republic,SVK,"Enrolment in secondary education, both sexes (number)",SE.SEC.ENRL,,,,,,,,,,,,,,,,,,,,,,,,,,,,,,,,,,657010,658228,663647,669898,662896,,674405,671670,663555,666238,669578,673712,662659,640120,617109,591482,568629,549760,530300,509791,481574,,
Slovenia,SVN,"Enrolment in secondary education, both sexes (number)",SE.SEC.ENRL,,,,,,,,,,,,,,,,,,,,,,,137241,160309,180955,191864,193555,195007,198432,201491,205910,208905,210699,211426,211739,214042,212038,212458,210078,220033,218251,224747,220804,217587,187817,181299,174330,152720,147463,142349,138354,134861,132221,147563,,
Sweden,SWE,"Enrolment in secondary education, both sexes (number)",SE.SEC.ENRL,,,,,,,,,,,,554480,493136,554295,528765,531594,507642,513287,536287,575190,591019,606833,606152,607288,604067,596104,624835,616312,619860,609233,597971,588474,585527,755649,778838,791848,809653,829295,,946209,933669,928424,934608,917978,711798,735494,750567,760491,764264,751826,731273,698968,675782,838671,,
Swaziland,SWZ,"Enrolment in secondary education, both sexes (number)",SE.SEC.ENRL,,,,,,,,,,,8438,9475,11219,13043,14964,16876,17868,19762,20990,22495,23665,,,,,31109,,,,,,,51864,50634,52966,55286,57715,,,61551,60165,61625,62676,62214,67696,70964,76979,82835,,82943,88619,90605,90814,,,
Sint Maarten (Dutch part),SXM,"Enrolment in secondary education, both sexes (number)",SE.SEC.ENRL,,,,,,,,,,,,,,,,,,,,,,,,,,,,,,,,,,,,,,,,,,,,,,,,,,,,,,,,
Seychelles,SYC,"Enrolment in secondary education, both sexes (number)",SE.SEC.ENRL,,,,,,,,,,,2359,2622,2913,3199,3778,3778,3272,,4622,5143,5763,6640,7741,8108,8538,8665,8642,8750,8868,8828,,9020,9182,9111,9280,8931,9099,,,8317,8280,8017,7826,8137,7962,8501,,8227,7911,7825,7554,7555,7780,6910,,
Syrian Arab Republic,SYR,"Enrolment in secondary education, both sexes (number)",SE.SEC.ENRL,,,,,,,,,,,,327639,367298,406102,437997,458327,488409,512187,545468,579739,588865,604327,635355,687435,755095,815071,870383,912117,925381,933661,923532,914250,902819,916950,923030,928882,935048,957664,,1029769,1069040,1124752,1182424,2119690,2249116,2389383,2464688,2549444,2626228,2664335,2731825,2820911,2875612,1857140,,
Turks and Caicos Islands,TCA,"Enrolment in secondary education, both sexes (number)",SE.SEC.ENRL,,,,,,,,,,,,227,,354,467,639,671,671,711,,,691,,,,707,,,,,,,,,1032,,,,,1114,1089,,,1270,1386,1558,,,,2095,,,,,1811,
Chad,TCD,"Enrolment in secondary education, both sexes (number)",SE.SEC.ENRL,,,,,,,,,,,,10556,11625,,12731,14195,16391,19580,,,,,,,,45612,,44379,,49439,58570,,,,73666,85836,93026,99789,,123408,137269,165926,184996,212632,227856,245286,262714,314470,369812,421686,430383,456548,458034,,,
Togo,TGO,"Enrolment in secondary education, both sexes (number)",SE.SEC.ENRL,,,,,,,,,,,,22003,27255,31288,37546,48415,64404,81169,96065,113730,127894,,130366,119106,101989,91207,97120,98490,115390,110318,127704,125545,127831,,134559,153348,169481,178254,195510,231948,258677,288347,329307,354965,375385,404470,430064,408964,,,,545861,,,,
Thailand,THA,"Enrolment in secondary education, both sexes (number)",SE.SEC.ENRL,,,,,,,,,,,,695023,772704,868885,982295,1066486,1193741,1324539,1386136,1737923,1805708,1919967,1990866,,2191713,2249780,2243373,2184850,2108964,2083237,2117903,2230403,2444092,2717672,3044069,3382755,3794290,3925923,4097331,,,4072108,4150184,,4253380,4533173,4530029,4789339,4728761,4769211,4807093,4892517,4785810,4655351,,
Tajikistan,TJK,"Enrolment in secondary education, both sexes (number)",SE.SEC.ENRL,,,,,,,,,,,,,,,,,,,,,,,,,,,,,,,,829479,830302,786964,702375,724056,,,,768903,795380,847445,899236,948341,973673,984410,998928,1012275,1019250,1023371,1031723,1045185,1054808,,,
Turkmenistan,TKM,"Enrolment in secondary education, both sexes (number)",SE.SEC.ENRL,,,,,,,,,,,,,,,,,,,,,,,,,,,,,,,,,,,,,,,,,,,,,,,,,,,,,,,650998,
Timor-Leste,TLS,"Enrolment in secondary education, both sexes (number)",SE.SEC.ENRL,,,,,,,,,,,,,,,,,,,,,,,,,,,,,,,,,,,,,,,,,,44459,52785,58603,73005,74822,,,78655,96067,101501,107859,,,,
Tonga,TON,"Enrolment in secondary education, both sexes (number)",SE.SEC.ENRL,,,,,,,,,,,10159,10455,10371,10552,11052,11351,,,12795,,,16566,17085,16822,17009,15232,13587,,,,14749,14825,,16570,,,,,,14710,14524,14127,14567,15743,14032,,13938,14580,14632,14676,14777,14874,14784,14840,,
Trinidad and Tobago,TTO,"Enrolment in secondary education, both sexes (number)",SE.SEC.ENRL,,,,,,,,,,,,52639,54927,54584,,,,77362,,,,87700,91455,91374,92781,92752,95302,97444,99615,98741,99850,97493,97804,100278,,,,,,,,,,,105381,,,,,,,,,,,
Tunisia,TUN,"Enrolment in secondary education, both sexes (number)",SE.SEC.ENRL,,,,,,,,,,,,191445,196979,196033,196307,196447,201845,213046,232856,250197,264392,275696,312033,355161,387445,419337,457630,459034,480245,530004,546953,564540,589674,639403,717156,783169,849359,882730,963971,1058877,1104095,1143082,1169368,1158972,1210012,1239468,1247046,1268219,1259240,1201632,1163833,1152153,,1071729,,
Turkey,TUR,"Enrolment in secondary education, both sexes (number)",SE.SEC.ENRL,,,,,,,,,,,,1308779,1429654,1489759,1516880,,1746160,1887524,2028476,2074796,2225533,2217909,2310113,2393477,2540636,,2927692,3088483,3288309,3512135,3620982,3808142,3987423,4299810,4476086,4725551,,4760892,,5522936,5658333,6419272,6736387,6851036,6585557,6345057,6631883,6822949,6708970,7100959,7530640,7965619,7757880,10562609,,
Tuvalu,TUV,"Enrolment in secondary education, both sexes (number)",SE.SEC.ENRL,,,,,,,,,,,,,,,,,,,,,,,,,,,,,,,625,,,,,,,,,,,912,,,,,,,,,,,,1209,,
Tanzania,TZA,"Enrolment in secondary education, both sexes (number)",SE.SEC.ENRL,,,,,,,,,,,44941,47570,48440,51991,59406,62031,66094,70944,74126,77868,78715,75051,77246,80623,83004,95915,104656,116347,132282,146428,,184403,191651,198421,204258,211425,213346,236886,,,,,,,,,,,,,1825956,,2118067,2052295,,
Uganda,UGA,"Enrolment in secondary education, both sexes (number)",SE.SEC.ENRL,,,,,,,,,,,48221,,,52670,53586,55263,66986,70647,74032,77929,86560,94614,145389,133393,162005,179483,213733,242727,262735,,267517,256194,256669,261762,275590,292321,,294418,,,546977,570520,687613,716736,732792,767243,857776,1031520,1136829,1233382,1264942,1253801,,1421237,,
Ukraine,UKR,"Enrolment in secondary education, both sexes (number)",SE.SEC.ENRL,,,,,,,,,,,,,,,,,,,,,,4754924,4718500,4743000,4745500,4777300,4823500,,4893900,,4843900,4773700,4731700,4701000,4731200,,,,,5214106,5204485,5123602,4982947,4824077,4445974,4042827,3896263,3708736,3498524,3288557,3132972,2925709,2899116,2803364,,
Upper middle income,UMC,"Enrolment in secondary education, both sexes (number)",SE.SEC.ENRL,,,,,,,,,,,43904008,51240900,58595140,65170712,67134616,71258144,81784704,97689040,108977320,118328216,113798504,111702544,106612184,104917168,106398504,99456424,114639448,118433016,120663760,120712416,120281176,122314176,125453800,128980936,131901768,137720080,145064816,151440464,158093184,164741632,169918688,176717488,183526032,187380320,192163488,193676912,194570784,194806816,194992784,194777184,193810144,192479856,189336368,192746896,,
Uruguay,URY,"Enrolment in secondary education, both sexes (number)",SE.SEC.ENRL,,,,,,,,,,,168083,173262,181498,188036,188373,182195,183912,180418,176167,172969,,188123,190053,197890,207663,213774,224134,229085,243135,252935,265947,276482,272622,266840,263180,263616,269826,,,283838,303883,315968,332175,343617,339057,323087,323027,294852,281593,288491,287381,,,,,
United States,USA,"Enrolment in secondary education, both sexes (number)",SE.SEC.ENRL,,,,,,,,,,,,20593000,21161000,,21591000,21656000,21680000,21619000,21394000,19558000,22301000,21585000,21829000,21369000,21368000,20747000,20633000,20435000,,,19276000,19270000,,20516146,21055472,21122632,21473692,,,22444832,22593562,23087042,23196310,23854458,24185786,24431934,24552316,24731028,24692888,24524564,24192786,24214304,24122436,24095460,,
Uzbekistan,UZB,"Enrolment in secondary education, both sexes (number)",SE.SEC.ENRL,,,,,,,,,,,,,,,,,,,,,,2879300,,,,,3115000,,,3170300,3186300,3194600,3225500,3194000,3218800,3318900,,,,3410955,3565979,3795811,3884736,4258787,4338358,4515852,4542174,4598037,4497372,4506226,4448978,4370300,,,,
St. Vincent and the Grenadines,VCT,"Enrolment in secondary education, both sexes (number)",SE.SEC.ENRL,,,,,,,,,,,,3158,4009,,4995,4878,5084,,,,,,8058,,7473,6160,6782,8785,7237,,,10719,,,,,,,,,9679,9756,9920,9624,10398,9780,,11238,11641,11704,11426,10927,10419,10394,,
"Venezuela, RB",VEN,"Enrolment in secondary education, both sexes (number)",SE.SEC.ENRL,,,,,,,,,,,,425146,480950,533653,584211,631210,715848,774829,812965,853754,889964,918111,945939,985422,1014541,1061139,1092833,1112093,1129246,1138916,1164868,1200397,1248018,1286046,,,,,,1439122,1543425,1677807,1811127,1866114,1953506,2028388,2104857,2174619,2224214,2252421,2254935,2287393,2354412,2574580,,
Virgin Islands (U.S.),VIR,"Enrolment in secondary education, both sexes (number)",SE.SEC.ENRL,,,,,,,,,,,,6500,7100,9291,9340,9160,10590,11799,11000,10700,12000,11326,12828,13414,13881,14274,13548,13400,13200,13100,12900,12700,12600,12502,12600,12700,,12900,,,,,,,,,,,,,,,,,,
Vietnam,VNM,"Enrolment in secondary education, both sexes (number)",SE.SEC.ENRL,,,,,,,,,,,,,,,,,2987997,3200912,,,3884428,,,,,,,,,,3651719,,,,,,,,6828257,,,,,,,,,,,,,,,,,
Vanuatu,VUT,"Enrolment in secondary education, both sexes (number)",SE.SEC.ENRL,,,,,,,,,,,784,878,980,1089,1295,1505,1788,2127,2284,,2426,2480,,2904,,,,,,3369,,4184,,,,,,,,8989,10446,10934,12313,12800,13837,,,,,,20256,,,,,
West Bank and Gaza,PSE,"Enrolment in secondary education, both sexes (number)",SE.SEC.ENRL,,,,,,,,,,,,,,,,,,,,,,,,,,,,,,,,,,,,334000,359169,386928,,444401,477378,510214,544935,582736,628495,656797,685585,701715,707892,713921,710936,705627,705443,706330,,
World,WLD,"Enrolment in secondary education, both sexes (number)",SE.SEC.ENRL,,,,,,,,,,,186978992,196730640,208358112,219150560,224928000,232612576,246749984,266217360,280593856,291947552,294316096,295364128,295161792,299558144,306168352,304137120,324033216,331879008,336228896,337488800,341278720,349434592,359156896,370776352,381030944,392476256,404951584,418092160,427822688,437023520,450108960,462355584,476644352,490131168,500217984,507982240,513950240,522326368,530720992,534375168,544873920,553372160,560213248,568536704,,
Samoa,WSM,"Enrolment in secondary education, both sexes (number)",SE.SEC.ENRL,,,,,,,,,,,15090,,,15427,,20093,20766,22008,22462,23016,24409,24407,26237,,,,25095,,,,,,,,21791,21856,21030,21737,,21748,21681,22185,22575,23427,23764,24010,24390,24550,,25429,25998,25640,25564,,,
"Yemen, Rep.",YEM,"Enrolment in secondary education, both sexes (number)",SE.SEC.ENRL,,,,,,,,,,,,,,,,,,,,,,,,,,,,,,,,,,,,,,,,1041816,,1249016,,1373362,1446369,1455206,,,1479157,,1561337,1643116,1674950,1768102,,
South Africa,ZAF,"Enrolment in secondary education, both sexes (number)",SE.SEC.ENRL,,,,,,,,,,,,,,,,,,,,,,,,,,,,,,2552024,2742105,2939270,,,3571395,,,,,4239197,4141946,4250400,4353817,4446841,4593492,4657674,4790382,4815932,4671139,4687958,4689600,4756111,4843800,5201168,,
"Congo, Dem. Rep.",COD,"Enrolment in secondary education, both sexes (number)",SE.SEC.ENRL,,,,,,,,,,,,248318,297028,324966,335221,446644,511481,599412,704332,830429,845577,861774,879057,897468,917052,937859,959934,983334,1066351,,,,1097095,1218760,1341446,1514323,,,,,,,,,,,,2815175,3129488,3398550,3484459,3782945,3894024,3995631,,
Zambia,ZMB,"Enrolment in secondary education, both sexes (number)",SE.SEC.ENRL,,,,,,,,,,,56182,60235,64695,65494,70812,77672,83637,89270,94628,97373,102019,104652,110416,,,140743,156091,158171,170299,,189796,,,,208640,,,,,,,,,,,,,,,,,,,,,
Zimbabwe,ZWE,"Enrolment in secondary education, both sexes (number)",SE.SEC.ENRL,,,,,,,,,,,49845,53324,59556,63116,65561,70005,72725,75701,75022,69686,74746,149018,227613,316435,416413,482000,537348,604188,640668,670266,661066,710619,657344,639559,660986,711094,751349,806126,847296,834880,844183,866171,828456,758229,,,,,,,,,936734,,,